[

  {
    "pk": "batch_oru_fakey1_ver01", 
    "model": "core.batch", 
    "fields": {
      "validated_batch_file": "BATCH_1.xml", 
      "awardee": "oru", 
      "created": "2020-09-21T11:50:00-07:00"
    }
  },
  {
    "pk": 11,
    "model": "core.reel",
    "fields": {
      "number": 11,
      "batch": "batch_oru_fakey1_ver01",
      "created": "2020-09-21T11:50:00-07:00"
    }
  },
  {
    "pk": 111,
    "model": "core.issue", 
    "fields": {
      "title": "sn83030214", 
      "date_issued": "1898-01-01", 
      "batch": "batch_oru_fakey1_ver01", 
      "number": "1", 
      "volume": "83", 
      "edition": 1, 
      "edition_label": "",
      "created": "2020-09-21T11:50:00-07:00"
    }
  }
	,
  {
    "pk": 1111,
    "model": "core.page",
    "fields": {
      "jp2_width": 6400,
      "sequence": 1,
      "jp2_length": 8600,
      "number": "",
      "tiff_filename": "sn83030214/00175037652/1898010101/0001.tif",
      "jp2_filename": "sn83030214/00175037652/1898010101/0001.jp2",
      "pdf_filename": "sn83030214/00175037652/1898010101/0001.pdf",
      "indexed": 0,
      "ocr_filename": "sn83030214/00175037652/1898010101/0001.xml",
      "issue": 111,
      "section_label": "",
      "reel": 11,
      "created": "2020-09-21T11:50:00-07:00"
    }
  },
  {
    "model": "core.ocr",
    "pk": 1111,
    "fields": {
      "page": 1111,
      "created": "2020-09-21T11:50:00-07:00"
    }
  },
  {
    "model": "core.languagetext",
    "pk": 1111,
    "fields": {
      "text": "This is fake OCR",
      "language": "eng",
      "ocr": 1111
    }
  },
  {
    "pk": 1112,
    "model": "core.page",
    "fields": {
      "jp2_width": 6400,
      "sequence": 2,
      "jp2_length": 8600,
      "number": "",
      "tiff_filename": "sn83030214/00175037652/1898010101/0002.tif",
      "jp2_filename": "sn83030214/00175037652/1898010101/0002.jp2",
      "pdf_filename": "sn83030214/00175037652/1898010101/0002.pdf",
      "indexed": 0,
      "ocr_filename": "sn83030214/00175037652/1898010101/0002.xml",
      "issue": 111,
      "section_label": "",
      "reel": 11,
      "created": "2020-09-21T11:50:00-07:00"
    }
  },
  {
    "model": "core.ocr",
    "pk": 1112,
    "fields": {
      "page": 1112,
      "created": "2020-09-21T11:50:00-07:00"
    }
  },
  {
    "model": "core.languagetext",
    "pk": 1112,
    "fields": {
      "text": "This is fake OCR",
      "language": "eng",
      "ocr": 1112
    }
  },
  {
    "pk": 1113,
    "model": "core.page",
    "fields": {
      "jp2_width": 6400,
      "sequence": 3,
      "jp2_length": 8600,
      "number": "",
      "tiff_filename": "sn83030214/00175037652/1898010101/0003.tif",
      "jp2_filename": "sn83030214/00175037652/1898010101/0003.jp2",
      "pdf_filename": "sn83030214/00175037652/1898010101/0003.pdf",
      "indexed": 0,
      "ocr_filename": "sn83030214/00175037652/1898010101/0003.xml",
      "issue": 111,
      "section_label": "",
      "reel": 11,
      "created": "2020-09-21T11:50:00-07:00"
    }
  },
  {
    "model": "core.ocr",
    "pk": 1113,
    "fields": {
      "page": 1113,
      "created": "2020-09-21T11:50:00-07:00"
    }
  },
  {
    "model": "core.languagetext",
    "pk": 1113,
    "fields": {
      "text": "This is fake OCR",
      "language": "eng",
      "ocr": 1113
    }
  },
  {
    "pk": 1114,
    "model": "core.page",
    "fields": {
      "jp2_width": 6400,
      "sequence": 4,
      "jp2_length": 8600,
      "number": "",
      "tiff_filename": "sn83030214/00175037652/1898010101/0004.tif",
      "jp2_filename": "sn83030214/00175037652/1898010101/0004.jp2",
      "pdf_filename": "sn83030214/00175037652/1898010101/0004.pdf",
      "indexed": 0,
      "ocr_filename": "sn83030214/00175037652/1898010101/0004.xml",
      "issue": 111,
      "section_label": "",
      "reel": 11,
      "created": "2020-09-21T11:50:00-07:00"
    }
  },
  {
    "model": "core.ocr",
    "pk": 1114,
    "fields": {
      "page": 1114,
      "created": "2020-09-21T11:50:00-07:00"
    }
  },
  {
    "model": "core.languagetext",
    "pk": 1114,
    "fields": {
      "text": "This is fake OCR",
      "language": "eng",
      "ocr": 1114
    }
  },
  {
    "pk": 112,
    "model": "core.issue", 
    "fields": {
      "title": "sn83030214", 
      "date_issued": "1898-01-08", 
      "batch": "batch_oru_fakey1_ver01", 
      "number": "2", 
      "volume": "83", 
      "edition": 1, 
      "edition_label": "",
      "created": "2020-09-21T11:50:00-07:00"
    }
  }
	,
  {
    "pk": 1121,
    "model": "core.page",
    "fields": {
      "jp2_width": 6400,
      "sequence": 1,
      "jp2_length": 8600,
      "number": "",
      "tiff_filename": "sn83030214/00175037652/1898010101/0001.tif",
      "jp2_filename": "sn83030214/00175037652/1898010101/0001.jp2",
      "pdf_filename": "sn83030214/00175037652/1898010101/0001.pdf",
      "indexed": 0,
      "ocr_filename": "sn83030214/00175037652/1898010101/0001.xml",
      "issue": 112,
      "section_label": "",
      "reel": 11,
      "created": "2020-09-21T11:50:00-07:00"
    }
  },
  {
    "model": "core.ocr",
    "pk": 1121,
    "fields": {
      "page": 1121,
      "created": "2020-09-21T11:50:00-07:00"
    }
  },
  {
    "model": "core.languagetext",
    "pk": 1121,
    "fields": {
      "text": "This is fake OCR",
      "language": "eng",
      "ocr": 1121
    }
  },
  {
    "pk": 1122,
    "model": "core.page",
    "fields": {
      "jp2_width": 6400,
      "sequence": 2,
      "jp2_length": 8600,
      "number": "",
      "tiff_filename": "sn83030214/00175037652/1898010101/0002.tif",
      "jp2_filename": "sn83030214/00175037652/1898010101/0002.jp2",
      "pdf_filename": "sn83030214/00175037652/1898010101/0002.pdf",
      "indexed": 0,
      "ocr_filename": "sn83030214/00175037652/1898010101/0002.xml",
      "issue": 112,
      "section_label": "",
      "reel": 11,
      "created": "2020-09-21T11:50:00-07:00"
    }
  },
  {
    "model": "core.ocr",
    "pk": 1122,
    "fields": {
      "page": 1122,
      "created": "2020-09-21T11:50:00-07:00"
    }
  },
  {
    "model": "core.languagetext",
    "pk": 1122,
    "fields": {
      "text": "This is fake OCR",
      "language": "eng",
      "ocr": 1122
    }
  },
  {
    "pk": 1123,
    "model": "core.page",
    "fields": {
      "jp2_width": 6400,
      "sequence": 3,
      "jp2_length": 8600,
      "number": "",
      "tiff_filename": "sn83030214/00175037652/1898010101/0003.tif",
      "jp2_filename": "sn83030214/00175037652/1898010101/0003.jp2",
      "pdf_filename": "sn83030214/00175037652/1898010101/0003.pdf",
      "indexed": 0,
      "ocr_filename": "sn83030214/00175037652/1898010101/0003.xml",
      "issue": 112,
      "section_label": "",
      "reel": 11,
      "created": "2020-09-21T11:50:00-07:00"
    }
  },
  {
    "model": "core.ocr",
    "pk": 1123,
    "fields": {
      "page": 1123,
      "created": "2020-09-21T11:50:00-07:00"
    }
  },
  {
    "model": "core.languagetext",
    "pk": 1123,
    "fields": {
      "text": "This is fake OCR",
      "language": "eng",
      "ocr": 1123
    }
  },
  {
    "pk": 1124,
    "model": "core.page",
    "fields": {
      "jp2_width": 6400,
      "sequence": 4,
      "jp2_length": 8600,
      "number": "",
      "tiff_filename": "sn83030214/00175037652/1898010101/0004.tif",
      "jp2_filename": "sn83030214/00175037652/1898010101/0004.jp2",
      "pdf_filename": "sn83030214/00175037652/1898010101/0004.pdf",
      "indexed": 0,
      "ocr_filename": "sn83030214/00175037652/1898010101/0004.xml",
      "issue": 112,
      "section_label": "",
      "reel": 11,
      "created": "2020-09-21T11:50:00-07:00"
    }
  },
  {
    "model": "core.ocr",
    "pk": 1124,
    "fields": {
      "page": 1124,
      "created": "2020-09-21T11:50:00-07:00"
    }
  },
  {
    "model": "core.languagetext",
    "pk": 1124,
    "fields": {
      "text": "This is fake OCR",
      "language": "eng",
      "ocr": 1124
    }
  },
  {
    "pk": 113,
    "model": "core.issue", 
    "fields": {
      "title": "sn83030214", 
      "date_issued": "1898-01-15", 
      "batch": "batch_oru_fakey1_ver01", 
      "number": "3", 
      "volume": "83", 
      "edition": 1, 
      "edition_label": "",
      "created": "2020-09-21T11:50:00-07:00"
    }
  }
	,
  {
    "pk": 1131,
    "model": "core.page",
    "fields": {
      "jp2_width": 6400,
      "sequence": 1,
      "jp2_length": 8600,
      "number": "",
      "tiff_filename": "sn83030214/00175037652/1898010101/0001.tif",
      "jp2_filename": "sn83030214/00175037652/1898010101/0001.jp2",
      "pdf_filename": "sn83030214/00175037652/1898010101/0001.pdf",
      "indexed": 0,
      "ocr_filename": "sn83030214/00175037652/1898010101/0001.xml",
      "issue": 113,
      "section_label": "",
      "reel": 11,
      "created": "2020-09-21T11:50:00-07:00"
    }
  },
  {
    "model": "core.ocr",
    "pk": 1131,
    "fields": {
      "page": 1131,
      "created": "2020-09-21T11:50:00-07:00"
    }
  },
  {
    "model": "core.languagetext",
    "pk": 1131,
    "fields": {
      "text": "This is fake OCR",
      "language": "eng",
      "ocr": 1131
    }
  },
  {
    "pk": 1132,
    "model": "core.page",
    "fields": {
      "jp2_width": 6400,
      "sequence": 2,
      "jp2_length": 8600,
      "number": "",
      "tiff_filename": "sn83030214/00175037652/1898010101/0002.tif",
      "jp2_filename": "sn83030214/00175037652/1898010101/0002.jp2",
      "pdf_filename": "sn83030214/00175037652/1898010101/0002.pdf",
      "indexed": 0,
      "ocr_filename": "sn83030214/00175037652/1898010101/0002.xml",
      "issue": 113,
      "section_label": "",
      "reel": 11,
      "created": "2020-09-21T11:50:00-07:00"
    }
  },
  {
    "model": "core.ocr",
    "pk": 1132,
    "fields": {
      "page": 1132,
      "created": "2020-09-21T11:50:00-07:00"
    }
  },
  {
    "model": "core.languagetext",
    "pk": 1132,
    "fields": {
      "text": "This is fake OCR",
      "language": "eng",
      "ocr": 1132
    }
  },
  {
    "pk": 1133,
    "model": "core.page",
    "fields": {
      "jp2_width": 6400,
      "sequence": 3,
      "jp2_length": 8600,
      "number": "",
      "tiff_filename": "sn83030214/00175037652/1898010101/0003.tif",
      "jp2_filename": "sn83030214/00175037652/1898010101/0003.jp2",
      "pdf_filename": "sn83030214/00175037652/1898010101/0003.pdf",
      "indexed": 0,
      "ocr_filename": "sn83030214/00175037652/1898010101/0003.xml",
      "issue": 113,
      "section_label": "",
      "reel": 11,
      "created": "2020-09-21T11:50:00-07:00"
    }
  },
  {
    "model": "core.ocr",
    "pk": 1133,
    "fields": {
      "page": 1133,
      "created": "2020-09-21T11:50:00-07:00"
    }
  },
  {
    "model": "core.languagetext",
    "pk": 1133,
    "fields": {
      "text": "This is fake OCR",
      "language": "eng",
      "ocr": 1133
    }
  },
  {
    "pk": 1134,
    "model": "core.page",
    "fields": {
      "jp2_width": 6400,
      "sequence": 4,
      "jp2_length": 8600,
      "number": "",
      "tiff_filename": "sn83030214/00175037652/1898010101/0004.tif",
      "jp2_filename": "sn83030214/00175037652/1898010101/0004.jp2",
      "pdf_filename": "sn83030214/00175037652/1898010101/0004.pdf",
      "indexed": 0,
      "ocr_filename": "sn83030214/00175037652/1898010101/0004.xml",
      "issue": 113,
      "section_label": "",
      "reel": 11,
      "created": "2020-09-21T11:50:00-07:00"
    }
  },
  {
    "model": "core.ocr",
    "pk": 1134,
    "fields": {
      "page": 1134,
      "created": "2020-09-21T11:50:00-07:00"
    }
  },
  {
    "model": "core.languagetext",
    "pk": 1134,
    "fields": {
      "text": "This is fake OCR",
      "language": "eng",
      "ocr": 1134
    }
  },
  {
    "pk": 12,
    "model": "core.reel",
    "fields": {
      "number": 12,
      "batch": "batch_oru_fakey1_ver01",
      "created": "2020-09-21T11:50:00-07:00"
    }
  },
  {
    "pk": 121,
    "model": "core.issue", 
    "fields": {
      "title": "sn83030214", 
      "date_issued": "1898-01-22", 
      "batch": "batch_oru_fakey1_ver01", 
      "number": "1", 
      "volume": "83", 
      "edition": 1, 
      "edition_label": "",
      "created": "2020-09-21T11:50:00-07:00"
    }
  }
	,
  {
    "pk": 1211,
    "model": "core.page",
    "fields": {
      "jp2_width": 6400,
      "sequence": 1,
      "jp2_length": 8600,
      "number": "",
      "tiff_filename": "sn83030214/00175037652/1898010101/0001.tif",
      "jp2_filename": "sn83030214/00175037652/1898010101/0001.jp2",
      "pdf_filename": "sn83030214/00175037652/1898010101/0001.pdf",
      "indexed": 0,
      "ocr_filename": "sn83030214/00175037652/1898010101/0001.xml",
      "issue": 121,
      "section_label": "",
      "reel": 12,
      "created": "2020-09-21T11:50:00-07:00"
    }
  },
  {
    "model": "core.ocr",
    "pk": 1211,
    "fields": {
      "page": 1211,
      "created": "2020-09-21T11:50:00-07:00"
    }
  },
  {
    "model": "core.languagetext",
    "pk": 1211,
    "fields": {
      "text": "This is fake OCR",
      "language": "eng",
      "ocr": 1211
    }
  },
  {
    "pk": 1212,
    "model": "core.page",
    "fields": {
      "jp2_width": 6400,
      "sequence": 2,
      "jp2_length": 8600,
      "number": "",
      "tiff_filename": "sn83030214/00175037652/1898010101/0002.tif",
      "jp2_filename": "sn83030214/00175037652/1898010101/0002.jp2",
      "pdf_filename": "sn83030214/00175037652/1898010101/0002.pdf",
      "indexed": 0,
      "ocr_filename": "sn83030214/00175037652/1898010101/0002.xml",
      "issue": 121,
      "section_label": "",
      "reel": 12,
      "created": "2020-09-21T11:50:00-07:00"
    }
  },
  {
    "model": "core.ocr",
    "pk": 1212,
    "fields": {
      "page": 1212,
      "created": "2020-09-21T11:50:00-07:00"
    }
  },
  {
    "model": "core.languagetext",
    "pk": 1212,
    "fields": {
      "text": "This is fake OCR",
      "language": "eng",
      "ocr": 1212
    }
  },
  {
    "pk": 1213,
    "model": "core.page",
    "fields": {
      "jp2_width": 6400,
      "sequence": 3,
      "jp2_length": 8600,
      "number": "",
      "tiff_filename": "sn83030214/00175037652/1898010101/0003.tif",
      "jp2_filename": "sn83030214/00175037652/1898010101/0003.jp2",
      "pdf_filename": "sn83030214/00175037652/1898010101/0003.pdf",
      "indexed": 0,
      "ocr_filename": "sn83030214/00175037652/1898010101/0003.xml",
      "issue": 121,
      "section_label": "",
      "reel": 12,
      "created": "2020-09-21T11:50:00-07:00"
    }
  },
  {
    "model": "core.ocr",
    "pk": 1213,
    "fields": {
      "page": 1213,
      "created": "2020-09-21T11:50:00-07:00"
    }
  },
  {
    "model": "core.languagetext",
    "pk": 1213,
    "fields": {
      "text": "This is fake OCR",
      "language": "eng",
      "ocr": 1213
    }
  },
  {
    "pk": 1214,
    "model": "core.page",
    "fields": {
      "jp2_width": 6400,
      "sequence": 4,
      "jp2_length": 8600,
      "number": "",
      "tiff_filename": "sn83030214/00175037652/1898010101/0004.tif",
      "jp2_filename": "sn83030214/00175037652/1898010101/0004.jp2",
      "pdf_filename": "sn83030214/00175037652/1898010101/0004.pdf",
      "indexed": 0,
      "ocr_filename": "sn83030214/00175037652/1898010101/0004.xml",
      "issue": 121,
      "section_label": "",
      "reel": 12,
      "created": "2020-09-21T11:50:00-07:00"
    }
  },
  {
    "model": "core.ocr",
    "pk": 1214,
    "fields": {
      "page": 1214,
      "created": "2020-09-21T11:50:00-07:00"
    }
  },
  {
    "model": "core.languagetext",
    "pk": 1214,
    "fields": {
      "text": "This is fake OCR",
      "language": "eng",
      "ocr": 1214
    }
  },
  {
    "pk": 122,
    "model": "core.issue", 
    "fields": {
      "title": "sn83030214", 
      "date_issued": "1898-01-29", 
      "batch": "batch_oru_fakey1_ver01", 
      "number": "2", 
      "volume": "83", 
      "edition": 1, 
      "edition_label": "",
      "created": "2020-09-21T11:50:00-07:00"
    }
  }
	,
  {
    "pk": 1221,
    "model": "core.page",
    "fields": {
      "jp2_width": 6400,
      "sequence": 1,
      "jp2_length": 8600,
      "number": "",
      "tiff_filename": "sn83030214/00175037652/1898010101/0001.tif",
      "jp2_filename": "sn83030214/00175037652/1898010101/0001.jp2",
      "pdf_filename": "sn83030214/00175037652/1898010101/0001.pdf",
      "indexed": 0,
      "ocr_filename": "sn83030214/00175037652/1898010101/0001.xml",
      "issue": 122,
      "section_label": "",
      "reel": 12,
      "created": "2020-09-21T11:50:00-07:00"
    }
  },
  {
    "model": "core.ocr",
    "pk": 1221,
    "fields": {
      "page": 1221,
      "created": "2020-09-21T11:50:00-07:00"
    }
  },
  {
    "model": "core.languagetext",
    "pk": 1221,
    "fields": {
      "text": "This is fake OCR",
      "language": "eng",
      "ocr": 1221
    }
  },
  {
    "pk": 1222,
    "model": "core.page",
    "fields": {
      "jp2_width": 6400,
      "sequence": 2,
      "jp2_length": 8600,
      "number": "",
      "tiff_filename": "sn83030214/00175037652/1898010101/0002.tif",
      "jp2_filename": "sn83030214/00175037652/1898010101/0002.jp2",
      "pdf_filename": "sn83030214/00175037652/1898010101/0002.pdf",
      "indexed": 0,
      "ocr_filename": "sn83030214/00175037652/1898010101/0002.xml",
      "issue": 122,
      "section_label": "",
      "reel": 12,
      "created": "2020-09-21T11:50:00-07:00"
    }
  },
  {
    "model": "core.ocr",
    "pk": 1222,
    "fields": {
      "page": 1222,
      "created": "2020-09-21T11:50:00-07:00"
    }
  },
  {
    "model": "core.languagetext",
    "pk": 1222,
    "fields": {
      "text": "This is fake OCR",
      "language": "eng",
      "ocr": 1222
    }
  },
  {
    "pk": 1223,
    "model": "core.page",
    "fields": {
      "jp2_width": 6400,
      "sequence": 3,
      "jp2_length": 8600,
      "number": "",
      "tiff_filename": "sn83030214/00175037652/1898010101/0003.tif",
      "jp2_filename": "sn83030214/00175037652/1898010101/0003.jp2",
      "pdf_filename": "sn83030214/00175037652/1898010101/0003.pdf",
      "indexed": 0,
      "ocr_filename": "sn83030214/00175037652/1898010101/0003.xml",
      "issue": 122,
      "section_label": "",
      "reel": 12,
      "created": "2020-09-21T11:50:00-07:00"
    }
  },
  {
    "model": "core.ocr",
    "pk": 1223,
    "fields": {
      "page": 1223,
      "created": "2020-09-21T11:50:00-07:00"
    }
  },
  {
    "model": "core.languagetext",
    "pk": 1223,
    "fields": {
      "text": "This is fake OCR",
      "language": "eng",
      "ocr": 1223
    }
  },
  {
    "pk": 1224,
    "model": "core.page",
    "fields": {
      "jp2_width": 6400,
      "sequence": 4,
      "jp2_length": 8600,
      "number": "",
      "tiff_filename": "sn83030214/00175037652/1898010101/0004.tif",
      "jp2_filename": "sn83030214/00175037652/1898010101/0004.jp2",
      "pdf_filename": "sn83030214/00175037652/1898010101/0004.pdf",
      "indexed": 0,
      "ocr_filename": "sn83030214/00175037652/1898010101/0004.xml",
      "issue": 122,
      "section_label": "",
      "reel": 12,
      "created": "2020-09-21T11:50:00-07:00"
    }
  },
  {
    "model": "core.ocr",
    "pk": 1224,
    "fields": {
      "page": 1224,
      "created": "2020-09-21T11:50:00-07:00"
    }
  },
  {
    "model": "core.languagetext",
    "pk": 1224,
    "fields": {
      "text": "This is fake OCR",
      "language": "eng",
      "ocr": 1224
    }
  },
  {
    "pk": 123,
    "model": "core.issue", 
    "fields": {
      "title": "sn83030214", 
      "date_issued": "1898-02-05", 
      "batch": "batch_oru_fakey1_ver01", 
      "number": "3", 
      "volume": "83", 
      "edition": 1, 
      "edition_label": "",
      "created": "2020-09-21T11:50:00-07:00"
    }
  }
	,
  {
    "pk": 1231,
    "model": "core.page",
    "fields": {
      "jp2_width": 6400,
      "sequence": 1,
      "jp2_length": 8600,
      "number": "",
      "tiff_filename": "sn83030214/00175037652/1898010101/0001.tif",
      "jp2_filename": "sn83030214/00175037652/1898010101/0001.jp2",
      "pdf_filename": "sn83030214/00175037652/1898010101/0001.pdf",
      "indexed": 0,
      "ocr_filename": "sn83030214/00175037652/1898010101/0001.xml",
      "issue": 123,
      "section_label": "",
      "reel": 12,
      "created": "2020-09-21T11:50:00-07:00"
    }
  },
  {
    "model": "core.ocr",
    "pk": 1231,
    "fields": {
      "page": 1231,
      "created": "2020-09-21T11:50:00-07:00"
    }
  },
  {
    "model": "core.languagetext",
    "pk": 1231,
    "fields": {
      "text": "This is fake OCR",
      "language": "eng",
      "ocr": 1231
    }
  },
  {
    "pk": 1232,
    "model": "core.page",
    "fields": {
      "jp2_width": 6400,
      "sequence": 2,
      "jp2_length": 8600,
      "number": "",
      "tiff_filename": "sn83030214/00175037652/1898010101/0002.tif",
      "jp2_filename": "sn83030214/00175037652/1898010101/0002.jp2",
      "pdf_filename": "sn83030214/00175037652/1898010101/0002.pdf",
      "indexed": 0,
      "ocr_filename": "sn83030214/00175037652/1898010101/0002.xml",
      "issue": 123,
      "section_label": "",
      "reel": 12,
      "created": "2020-09-21T11:50:00-07:00"
    }
  },
  {
    "model": "core.ocr",
    "pk": 1232,
    "fields": {
      "page": 1232,
      "created": "2020-09-21T11:50:00-07:00"
    }
  },
  {
    "model": "core.languagetext",
    "pk": 1232,
    "fields": {
      "text": "This is fake OCR",
      "language": "eng",
      "ocr": 1232
    }
  },
  {
    "pk": 1233,
    "model": "core.page",
    "fields": {
      "jp2_width": 6400,
      "sequence": 3,
      "jp2_length": 8600,
      "number": "",
      "tiff_filename": "sn83030214/00175037652/1898010101/0003.tif",
      "jp2_filename": "sn83030214/00175037652/1898010101/0003.jp2",
      "pdf_filename": "sn83030214/00175037652/1898010101/0003.pdf",
      "indexed": 0,
      "ocr_filename": "sn83030214/00175037652/1898010101/0003.xml",
      "issue": 123,
      "section_label": "",
      "reel": 12,
      "created": "2020-09-21T11:50:00-07:00"
    }
  },
  {
    "model": "core.ocr",
    "pk": 1233,
    "fields": {
      "page": 1233,
      "created": "2020-09-21T11:50:00-07:00"
    }
  },
  {
    "model": "core.languagetext",
    "pk": 1233,
    "fields": {
      "text": "This is fake OCR",
      "language": "eng",
      "ocr": 1233
    }
  },
  {
    "pk": 1234,
    "model": "core.page",
    "fields": {
      "jp2_width": 6400,
      "sequence": 4,
      "jp2_length": 8600,
      "number": "",
      "tiff_filename": "sn83030214/00175037652/1898010101/0004.tif",
      "jp2_filename": "sn83030214/00175037652/1898010101/0004.jp2",
      "pdf_filename": "sn83030214/00175037652/1898010101/0004.pdf",
      "indexed": 0,
      "ocr_filename": "sn83030214/00175037652/1898010101/0004.xml",
      "issue": 123,
      "section_label": "",
      "reel": 12,
      "created": "2020-09-21T11:50:00-07:00"
    }
  },
  {
    "model": "core.ocr",
    "pk": 1234,
    "fields": {
      "page": 1234,
      "created": "2020-09-21T11:50:00-07:00"
    }
  },
  {
    "model": "core.languagetext",
    "pk": 1234,
    "fields": {
      "text": "This is fake OCR",
      "language": "eng",
      "ocr": 1234
    }
  },
  {
    "pk": 13,
    "model": "core.reel",
    "fields": {
      "number": 13,
      "batch": "batch_oru_fakey1_ver01",
      "created": "2020-09-21T11:50:00-07:00"
    }
  },
  {
    "pk": 131,
    "model": "core.issue", 
    "fields": {
      "title": "sn83030214", 
      "date_issued": "1898-02-12", 
      "batch": "batch_oru_fakey1_ver01", 
      "number": "1", 
      "volume": "83", 
      "edition": 1, 
      "edition_label": "",
      "created": "2020-09-21T11:50:00-07:00"
    }
  }
	,
  {
    "pk": 1311,
    "model": "core.page",
    "fields": {
      "jp2_width": 6400,
      "sequence": 1,
      "jp2_length": 8600,
      "number": "",
      "tiff_filename": "sn83030214/00175037652/1898010101/0001.tif",
      "jp2_filename": "sn83030214/00175037652/1898010101/0001.jp2",
      "pdf_filename": "sn83030214/00175037652/1898010101/0001.pdf",
      "indexed": 0,
      "ocr_filename": "sn83030214/00175037652/1898010101/0001.xml",
      "issue": 131,
      "section_label": "",
      "reel": 13,
      "created": "2020-09-21T11:50:00-07:00"
    }
  },
  {
    "model": "core.ocr",
    "pk": 1311,
    "fields": {
      "page": 1311,
      "created": "2020-09-21T11:50:00-07:00"
    }
  },
  {
    "model": "core.languagetext",
    "pk": 1311,
    "fields": {
      "text": "This is fake OCR",
      "language": "eng",
      "ocr": 1311
    }
  },
  {
    "pk": 1312,
    "model": "core.page",
    "fields": {
      "jp2_width": 6400,
      "sequence": 2,
      "jp2_length": 8600,
      "number": "",
      "tiff_filename": "sn83030214/00175037652/1898010101/0002.tif",
      "jp2_filename": "sn83030214/00175037652/1898010101/0002.jp2",
      "pdf_filename": "sn83030214/00175037652/1898010101/0002.pdf",
      "indexed": 0,
      "ocr_filename": "sn83030214/00175037652/1898010101/0002.xml",
      "issue": 131,
      "section_label": "",
      "reel": 13,
      "created": "2020-09-21T11:50:00-07:00"
    }
  },
  {
    "model": "core.ocr",
    "pk": 1312,
    "fields": {
      "page": 1312,
      "created": "2020-09-21T11:50:00-07:00"
    }
  },
  {
    "model": "core.languagetext",
    "pk": 1312,
    "fields": {
      "text": "This is fake OCR",
      "language": "eng",
      "ocr": 1312
    }
  },
  {
    "pk": 1313,
    "model": "core.page",
    "fields": {
      "jp2_width": 6400,
      "sequence": 3,
      "jp2_length": 8600,
      "number": "",
      "tiff_filename": "sn83030214/00175037652/1898010101/0003.tif",
      "jp2_filename": "sn83030214/00175037652/1898010101/0003.jp2",
      "pdf_filename": "sn83030214/00175037652/1898010101/0003.pdf",
      "indexed": 0,
      "ocr_filename": "sn83030214/00175037652/1898010101/0003.xml",
      "issue": 131,
      "section_label": "",
      "reel": 13,
      "created": "2020-09-21T11:50:00-07:00"
    }
  },
  {
    "model": "core.ocr",
    "pk": 1313,
    "fields": {
      "page": 1313,
      "created": "2020-09-21T11:50:00-07:00"
    }
  },
  {
    "model": "core.languagetext",
    "pk": 1313,
    "fields": {
      "text": "This is fake OCR",
      "language": "eng",
      "ocr": 1313
    }
  },
  {
    "pk": 1314,
    "model": "core.page",
    "fields": {
      "jp2_width": 6400,
      "sequence": 4,
      "jp2_length": 8600,
      "number": "",
      "tiff_filename": "sn83030214/00175037652/1898010101/0004.tif",
      "jp2_filename": "sn83030214/00175037652/1898010101/0004.jp2",
      "pdf_filename": "sn83030214/00175037652/1898010101/0004.pdf",
      "indexed": 0,
      "ocr_filename": "sn83030214/00175037652/1898010101/0004.xml",
      "issue": 131,
      "section_label": "",
      "reel": 13,
      "created": "2020-09-21T11:50:00-07:00"
    }
  },
  {
    "model": "core.ocr",
    "pk": 1314,
    "fields": {
      "page": 1314,
      "created": "2020-09-21T11:50:00-07:00"
    }
  },
  {
    "model": "core.languagetext",
    "pk": 1314,
    "fields": {
      "text": "This is fake OCR",
      "language": "eng",
      "ocr": 1314
    }
  },
  {
    "pk": 132,
    "model": "core.issue", 
    "fields": {
      "title": "sn83030214", 
      "date_issued": "1898-02-19", 
      "batch": "batch_oru_fakey1_ver01", 
      "number": "2", 
      "volume": "83", 
      "edition": 1, 
      "edition_label": "",
      "created": "2020-09-21T11:50:00-07:00"
    }
  }
	,
  {
    "pk": 1321,
    "model": "core.page",
    "fields": {
      "jp2_width": 6400,
      "sequence": 1,
      "jp2_length": 8600,
      "number": "",
      "tiff_filename": "sn83030214/00175037652/1898010101/0001.tif",
      "jp2_filename": "sn83030214/00175037652/1898010101/0001.jp2",
      "pdf_filename": "sn83030214/00175037652/1898010101/0001.pdf",
      "indexed": 0,
      "ocr_filename": "sn83030214/00175037652/1898010101/0001.xml",
      "issue": 132,
      "section_label": "",
      "reel": 13,
      "created": "2020-09-21T11:50:00-07:00"
    }
  },
  {
    "model": "core.ocr",
    "pk": 1321,
    "fields": {
      "page": 1321,
      "created": "2020-09-21T11:50:00-07:00"
    }
  },
  {
    "model": "core.languagetext",
    "pk": 1321,
    "fields": {
      "text": "This is fake OCR",
      "language": "eng",
      "ocr": 1321
    }
  },
  {
    "pk": 1322,
    "model": "core.page",
    "fields": {
      "jp2_width": 6400,
      "sequence": 2,
      "jp2_length": 8600,
      "number": "",
      "tiff_filename": "sn83030214/00175037652/1898010101/0002.tif",
      "jp2_filename": "sn83030214/00175037652/1898010101/0002.jp2",
      "pdf_filename": "sn83030214/00175037652/1898010101/0002.pdf",
      "indexed": 0,
      "ocr_filename": "sn83030214/00175037652/1898010101/0002.xml",
      "issue": 132,
      "section_label": "",
      "reel": 13,
      "created": "2020-09-21T11:50:00-07:00"
    }
  },
  {
    "model": "core.ocr",
    "pk": 1322,
    "fields": {
      "page": 1322,
      "created": "2020-09-21T11:50:00-07:00"
    }
  },
  {
    "model": "core.languagetext",
    "pk": 1322,
    "fields": {
      "text": "This is fake OCR",
      "language": "eng",
      "ocr": 1322
    }
  },
  {
    "pk": 1323,
    "model": "core.page",
    "fields": {
      "jp2_width": 6400,
      "sequence": 3,
      "jp2_length": 8600,
      "number": "",
      "tiff_filename": "sn83030214/00175037652/1898010101/0003.tif",
      "jp2_filename": "sn83030214/00175037652/1898010101/0003.jp2",
      "pdf_filename": "sn83030214/00175037652/1898010101/0003.pdf",
      "indexed": 0,
      "ocr_filename": "sn83030214/00175037652/1898010101/0003.xml",
      "issue": 132,
      "section_label": "",
      "reel": 13,
      "created": "2020-09-21T11:50:00-07:00"
    }
  },
  {
    "model": "core.ocr",
    "pk": 1323,
    "fields": {
      "page": 1323,
      "created": "2020-09-21T11:50:00-07:00"
    }
  },
  {
    "model": "core.languagetext",
    "pk": 1323,
    "fields": {
      "text": "This is fake OCR",
      "language": "eng",
      "ocr": 1323
    }
  },
  {
    "pk": 1324,
    "model": "core.page",
    "fields": {
      "jp2_width": 6400,
      "sequence": 4,
      "jp2_length": 8600,
      "number": "",
      "tiff_filename": "sn83030214/00175037652/1898010101/0004.tif",
      "jp2_filename": "sn83030214/00175037652/1898010101/0004.jp2",
      "pdf_filename": "sn83030214/00175037652/1898010101/0004.pdf",
      "indexed": 0,
      "ocr_filename": "sn83030214/00175037652/1898010101/0004.xml",
      "issue": 132,
      "section_label": "",
      "reel": 13,
      "created": "2020-09-21T11:50:00-07:00"
    }
  },
  {
    "model": "core.ocr",
    "pk": 1324,
    "fields": {
      "page": 1324,
      "created": "2020-09-21T11:50:00-07:00"
    }
  },
  {
    "model": "core.languagetext",
    "pk": 1324,
    "fields": {
      "text": "This is fake OCR",
      "language": "eng",
      "ocr": 1324
    }
  },
  {
    "pk": 133,
    "model": "core.issue", 
    "fields": {
      "title": "sn83030214", 
      "date_issued": "1898-02-26", 
      "batch": "batch_oru_fakey1_ver01", 
      "number": "3", 
      "volume": "83", 
      "edition": 1, 
      "edition_label": "",
      "created": "2020-09-21T11:50:00-07:00"
    }
  }
	,
  {
    "pk": 1331,
    "model": "core.page",
    "fields": {
      "jp2_width": 6400,
      "sequence": 1,
      "jp2_length": 8600,
      "number": "",
      "tiff_filename": "sn83030214/00175037652/1898010101/0001.tif",
      "jp2_filename": "sn83030214/00175037652/1898010101/0001.jp2",
      "pdf_filename": "sn83030214/00175037652/1898010101/0001.pdf",
      "indexed": 0,
      "ocr_filename": "sn83030214/00175037652/1898010101/0001.xml",
      "issue": 133,
      "section_label": "",
      "reel": 13,
      "created": "2020-09-21T11:50:00-07:00"
    }
  },
  {
    "model": "core.ocr",
    "pk": 1331,
    "fields": {
      "page": 1331,
      "created": "2020-09-21T11:50:00-07:00"
    }
  },
  {
    "model": "core.languagetext",
    "pk": 1331,
    "fields": {
      "text": "This is fake OCR",
      "language": "eng",
      "ocr": 1331
    }
  },
  {
    "pk": 1332,
    "model": "core.page",
    "fields": {
      "jp2_width": 6400,
      "sequence": 2,
      "jp2_length": 8600,
      "number": "",
      "tiff_filename": "sn83030214/00175037652/1898010101/0002.tif",
      "jp2_filename": "sn83030214/00175037652/1898010101/0002.jp2",
      "pdf_filename": "sn83030214/00175037652/1898010101/0002.pdf",
      "indexed": 0,
      "ocr_filename": "sn83030214/00175037652/1898010101/0002.xml",
      "issue": 133,
      "section_label": "",
      "reel": 13,
      "created": "2020-09-21T11:50:00-07:00"
    }
  },
  {
    "model": "core.ocr",
    "pk": 1332,
    "fields": {
      "page": 1332,
      "created": "2020-09-21T11:50:00-07:00"
    }
  },
  {
    "model": "core.languagetext",
    "pk": 1332,
    "fields": {
      "text": "This is fake OCR",
      "language": "eng",
      "ocr": 1332
    }
  },
  {
    "pk": 1333,
    "model": "core.page",
    "fields": {
      "jp2_width": 6400,
      "sequence": 3,
      "jp2_length": 8600,
      "number": "",
      "tiff_filename": "sn83030214/00175037652/1898010101/0003.tif",
      "jp2_filename": "sn83030214/00175037652/1898010101/0003.jp2",
      "pdf_filename": "sn83030214/00175037652/1898010101/0003.pdf",
      "indexed": 0,
      "ocr_filename": "sn83030214/00175037652/1898010101/0003.xml",
      "issue": 133,
      "section_label": "",
      "reel": 13,
      "created": "2020-09-21T11:50:00-07:00"
    }
  },
  {
    "model": "core.ocr",
    "pk": 1333,
    "fields": {
      "page": 1333,
      "created": "2020-09-21T11:50:00-07:00"
    }
  },
  {
    "model": "core.languagetext",
    "pk": 1333,
    "fields": {
      "text": "This is fake OCR",
      "language": "eng",
      "ocr": 1333
    }
  },
  {
    "pk": 1334,
    "model": "core.page",
    "fields": {
      "jp2_width": 6400,
      "sequence": 4,
      "jp2_length": 8600,
      "number": "",
      "tiff_filename": "sn83030214/00175037652/1898010101/0004.tif",
      "jp2_filename": "sn83030214/00175037652/1898010101/0004.jp2",
      "pdf_filename": "sn83030214/00175037652/1898010101/0004.pdf",
      "indexed": 0,
      "ocr_filename": "sn83030214/00175037652/1898010101/0004.xml",
      "issue": 133,
      "section_label": "",
      "reel": 13,
      "created": "2020-09-21T11:50:00-07:00"
    }
  },
  {
    "model": "core.ocr",
    "pk": 1334,
    "fields": {
      "page": 1334,
      "created": "2020-09-21T11:50:00-07:00"
    }
  },
  {
    "model": "core.languagetext",
    "pk": 1334,
    "fields": {
      "text": "This is fake OCR",
      "language": "eng",
      "ocr": 1334
    }
  },
  {
    "pk": "batch_oru_fakey2_ver01", 
    "model": "core.batch", 
    "fields": {
      "validated_batch_file": "BATCH_1.xml", 
      "awardee": "oru", 
      "created": "2020-09-21T11:50:00-07:00"
    }
  },
  {
    "pk": 21,
    "model": "core.reel",
    "fields": {
      "number": 21,
      "batch": "batch_oru_fakey2_ver01",
      "created": "2020-09-21T11:50:00-07:00"
    }
  },
  {
    "pk": 211,
    "model": "core.issue", 
    "fields": {
      "title": "sn83030214", 
      "date_issued": "1898-03-05", 
      "batch": "batch_oru_fakey2_ver01", 
      "number": "1", 
      "volume": "83", 
      "edition": 1, 
      "edition_label": "",
      "created": "2020-09-21T11:50:00-07:00"
    }
  }
	,
  {
    "pk": 2111,
    "model": "core.page",
    "fields": {
      "jp2_width": 6400,
      "sequence": 1,
      "jp2_length": 8600,
      "number": "",
      "tiff_filename": "sn83030214/00175037652/1898010101/0001.tif",
      "jp2_filename": "sn83030214/00175037652/1898010101/0001.jp2",
      "pdf_filename": "sn83030214/00175037652/1898010101/0001.pdf",
      "indexed": 0,
      "ocr_filename": "sn83030214/00175037652/1898010101/0001.xml",
      "issue": 211,
      "section_label": "",
      "reel": 21,
      "created": "2020-09-21T11:50:00-07:00"
    }
  },
  {
    "model": "core.ocr",
    "pk": 2111,
    "fields": {
      "page": 2111,
      "created": "2020-09-21T11:50:00-07:00"
    }
  },
  {
    "model": "core.languagetext",
    "pk": 2111,
    "fields": {
      "text": "This is fake OCR",
      "language": "eng",
      "ocr": 2111
    }
  },
  {
    "pk": 2112,
    "model": "core.page",
    "fields": {
      "jp2_width": 6400,
      "sequence": 2,
      "jp2_length": 8600,
      "number": "",
      "tiff_filename": "sn83030214/00175037652/1898010101/0002.tif",
      "jp2_filename": "sn83030214/00175037652/1898010101/0002.jp2",
      "pdf_filename": "sn83030214/00175037652/1898010101/0002.pdf",
      "indexed": 0,
      "ocr_filename": "sn83030214/00175037652/1898010101/0002.xml",
      "issue": 211,
      "section_label": "",
      "reel": 21,
      "created": "2020-09-21T11:50:00-07:00"
    }
  },
  {
    "model": "core.ocr",
    "pk": 2112,
    "fields": {
      "page": 2112,
      "created": "2020-09-21T11:50:00-07:00"
    }
  },
  {
    "model": "core.languagetext",
    "pk": 2112,
    "fields": {
      "text": "This is fake OCR",
      "language": "eng",
      "ocr": 2112
    }
  },
  {
    "pk": 2113,
    "model": "core.page",
    "fields": {
      "jp2_width": 6400,
      "sequence": 3,
      "jp2_length": 8600,
      "number": "",
      "tiff_filename": "sn83030214/00175037652/1898010101/0003.tif",
      "jp2_filename": "sn83030214/00175037652/1898010101/0003.jp2",
      "pdf_filename": "sn83030214/00175037652/1898010101/0003.pdf",
      "indexed": 0,
      "ocr_filename": "sn83030214/00175037652/1898010101/0003.xml",
      "issue": 211,
      "section_label": "",
      "reel": 21,
      "created": "2020-09-21T11:50:00-07:00"
    }
  },
  {
    "model": "core.ocr",
    "pk": 2113,
    "fields": {
      "page": 2113,
      "created": "2020-09-21T11:50:00-07:00"
    }
  },
  {
    "model": "core.languagetext",
    "pk": 2113,
    "fields": {
      "text": "This is fake OCR",
      "language": "eng",
      "ocr": 2113
    }
  },
  {
    "pk": 2114,
    "model": "core.page",
    "fields": {
      "jp2_width": 6400,
      "sequence": 4,
      "jp2_length": 8600,
      "number": "",
      "tiff_filename": "sn83030214/00175037652/1898010101/0004.tif",
      "jp2_filename": "sn83030214/00175037652/1898010101/0004.jp2",
      "pdf_filename": "sn83030214/00175037652/1898010101/0004.pdf",
      "indexed": 0,
      "ocr_filename": "sn83030214/00175037652/1898010101/0004.xml",
      "issue": 211,
      "section_label": "",
      "reel": 21,
      "created": "2020-09-21T11:50:00-07:00"
    }
  },
  {
    "model": "core.ocr",
    "pk": 2114,
    "fields": {
      "page": 2114,
      "created": "2020-09-21T11:50:00-07:00"
    }
  },
  {
    "model": "core.languagetext",
    "pk": 2114,
    "fields": {
      "text": "This is fake OCR",
      "language": "eng",
      "ocr": 2114
    }
  },
  {
    "pk": 212,
    "model": "core.issue", 
    "fields": {
      "title": "sn83030214", 
      "date_issued": "1898-03-12", 
      "batch": "batch_oru_fakey2_ver01", 
      "number": "2", 
      "volume": "83", 
      "edition": 1, 
      "edition_label": "",
      "created": "2020-09-21T11:50:00-07:00"
    }
  }
	,
  {
    "pk": 2121,
    "model": "core.page",
    "fields": {
      "jp2_width": 6400,
      "sequence": 1,
      "jp2_length": 8600,
      "number": "",
      "tiff_filename": "sn83030214/00175037652/1898010101/0001.tif",
      "jp2_filename": "sn83030214/00175037652/1898010101/0001.jp2",
      "pdf_filename": "sn83030214/00175037652/1898010101/0001.pdf",
      "indexed": 0,
      "ocr_filename": "sn83030214/00175037652/1898010101/0001.xml",
      "issue": 212,
      "section_label": "",
      "reel": 21,
      "created": "2020-09-21T11:50:00-07:00"
    }
  },
  {
    "model": "core.ocr",
    "pk": 2121,
    "fields": {
      "page": 2121,
      "created": "2020-09-21T11:50:00-07:00"
    }
  },
  {
    "model": "core.languagetext",
    "pk": 2121,
    "fields": {
      "text": "This is fake OCR",
      "language": "eng",
      "ocr": 2121
    }
  },
  {
    "pk": 2122,
    "model": "core.page",
    "fields": {
      "jp2_width": 6400,
      "sequence": 2,
      "jp2_length": 8600,
      "number": "",
      "tiff_filename": "sn83030214/00175037652/1898010101/0002.tif",
      "jp2_filename": "sn83030214/00175037652/1898010101/0002.jp2",
      "pdf_filename": "sn83030214/00175037652/1898010101/0002.pdf",
      "indexed": 0,
      "ocr_filename": "sn83030214/00175037652/1898010101/0002.xml",
      "issue": 212,
      "section_label": "",
      "reel": 21,
      "created": "2020-09-21T11:50:00-07:00"
    }
  },
  {
    "model": "core.ocr",
    "pk": 2122,
    "fields": {
      "page": 2122,
      "created": "2020-09-21T11:50:00-07:00"
    }
  },
  {
    "model": "core.languagetext",
    "pk": 2122,
    "fields": {
      "text": "This is fake OCR",
      "language": "eng",
      "ocr": 2122
    }
  },
  {
    "pk": 2123,
    "model": "core.page",
    "fields": {
      "jp2_width": 6400,
      "sequence": 3,
      "jp2_length": 8600,
      "number": "",
      "tiff_filename": "sn83030214/00175037652/1898010101/0003.tif",
      "jp2_filename": "sn83030214/00175037652/1898010101/0003.jp2",
      "pdf_filename": "sn83030214/00175037652/1898010101/0003.pdf",
      "indexed": 0,
      "ocr_filename": "sn83030214/00175037652/1898010101/0003.xml",
      "issue": 212,
      "section_label": "",
      "reel": 21,
      "created": "2020-09-21T11:50:00-07:00"
    }
  },
  {
    "model": "core.ocr",
    "pk": 2123,
    "fields": {
      "page": 2123,
      "created": "2020-09-21T11:50:00-07:00"
    }
  },
  {
    "model": "core.languagetext",
    "pk": 2123,
    "fields": {
      "text": "This is fake OCR",
      "language": "eng",
      "ocr": 2123
    }
  },
  {
    "pk": 2124,
    "model": "core.page",
    "fields": {
      "jp2_width": 6400,
      "sequence": 4,
      "jp2_length": 8600,
      "number": "",
      "tiff_filename": "sn83030214/00175037652/1898010101/0004.tif",
      "jp2_filename": "sn83030214/00175037652/1898010101/0004.jp2",
      "pdf_filename": "sn83030214/00175037652/1898010101/0004.pdf",
      "indexed": 0,
      "ocr_filename": "sn83030214/00175037652/1898010101/0004.xml",
      "issue": 212,
      "section_label": "",
      "reel": 21,
      "created": "2020-09-21T11:50:00-07:00"
    }
  },
  {
    "model": "core.ocr",
    "pk": 2124,
    "fields": {
      "page": 2124,
      "created": "2020-09-21T11:50:00-07:00"
    }
  },
  {
    "model": "core.languagetext",
    "pk": 2124,
    "fields": {
      "text": "This is fake OCR",
      "language": "eng",
      "ocr": 2124
    }
  },
  {
    "pk": 213,
    "model": "core.issue", 
    "fields": {
      "title": "sn83030214", 
      "date_issued": "1898-03-19", 
      "batch": "batch_oru_fakey2_ver01", 
      "number": "3", 
      "volume": "83", 
      "edition": 1, 
      "edition_label": "",
      "created": "2020-09-21T11:50:00-07:00"
    }
  }
	,
  {
    "pk": 2131,
    "model": "core.page",
    "fields": {
      "jp2_width": 6400,
      "sequence": 1,
      "jp2_length": 8600,
      "number": "",
      "tiff_filename": "sn83030214/00175037652/1898010101/0001.tif",
      "jp2_filename": "sn83030214/00175037652/1898010101/0001.jp2",
      "pdf_filename": "sn83030214/00175037652/1898010101/0001.pdf",
      "indexed": 0,
      "ocr_filename": "sn83030214/00175037652/1898010101/0001.xml",
      "issue": 213,
      "section_label": "",
      "reel": 21,
      "created": "2020-09-21T11:50:00-07:00"
    }
  },
  {
    "model": "core.ocr",
    "pk": 2131,
    "fields": {
      "page": 2131,
      "created": "2020-09-21T11:50:00-07:00"
    }
  },
  {
    "model": "core.languagetext",
    "pk": 2131,
    "fields": {
      "text": "This is fake OCR",
      "language": "eng",
      "ocr": 2131
    }
  },
  {
    "pk": 2132,
    "model": "core.page",
    "fields": {
      "jp2_width": 6400,
      "sequence": 2,
      "jp2_length": 8600,
      "number": "",
      "tiff_filename": "sn83030214/00175037652/1898010101/0002.tif",
      "jp2_filename": "sn83030214/00175037652/1898010101/0002.jp2",
      "pdf_filename": "sn83030214/00175037652/1898010101/0002.pdf",
      "indexed": 0,
      "ocr_filename": "sn83030214/00175037652/1898010101/0002.xml",
      "issue": 213,
      "section_label": "",
      "reel": 21,
      "created": "2020-09-21T11:50:00-07:00"
    }
  },
  {
    "model": "core.ocr",
    "pk": 2132,
    "fields": {
      "page": 2132,
      "created": "2020-09-21T11:50:00-07:00"
    }
  },
  {
    "model": "core.languagetext",
    "pk": 2132,
    "fields": {
      "text": "This is fake OCR",
      "language": "eng",
      "ocr": 2132
    }
  },
  {
    "pk": 2133,
    "model": "core.page",
    "fields": {
      "jp2_width": 6400,
      "sequence": 3,
      "jp2_length": 8600,
      "number": "",
      "tiff_filename": "sn83030214/00175037652/1898010101/0003.tif",
      "jp2_filename": "sn83030214/00175037652/1898010101/0003.jp2",
      "pdf_filename": "sn83030214/00175037652/1898010101/0003.pdf",
      "indexed": 0,
      "ocr_filename": "sn83030214/00175037652/1898010101/0003.xml",
      "issue": 213,
      "section_label": "",
      "reel": 21,
      "created": "2020-09-21T11:50:00-07:00"
    }
  },
  {
    "model": "core.ocr",
    "pk": 2133,
    "fields": {
      "page": 2133,
      "created": "2020-09-21T11:50:00-07:00"
    }
  },
  {
    "model": "core.languagetext",
    "pk": 2133,
    "fields": {
      "text": "This is fake OCR",
      "language": "eng",
      "ocr": 2133
    }
  },
  {
    "pk": 2134,
    "model": "core.page",
    "fields": {
      "jp2_width": 6400,
      "sequence": 4,
      "jp2_length": 8600,
      "number": "",
      "tiff_filename": "sn83030214/00175037652/1898010101/0004.tif",
      "jp2_filename": "sn83030214/00175037652/1898010101/0004.jp2",
      "pdf_filename": "sn83030214/00175037652/1898010101/0004.pdf",
      "indexed": 0,
      "ocr_filename": "sn83030214/00175037652/1898010101/0004.xml",
      "issue": 213,
      "section_label": "",
      "reel": 21,
      "created": "2020-09-21T11:50:00-07:00"
    }
  },
  {
    "model": "core.ocr",
    "pk": 2134,
    "fields": {
      "page": 2134,
      "created": "2020-09-21T11:50:00-07:00"
    }
  },
  {
    "model": "core.languagetext",
    "pk": 2134,
    "fields": {
      "text": "This is fake OCR",
      "language": "eng",
      "ocr": 2134
    }
  },
  {
    "pk": 22,
    "model": "core.reel",
    "fields": {
      "number": 22,
      "batch": "batch_oru_fakey2_ver01",
      "created": "2020-09-21T11:50:00-07:00"
    }
  },
  {
    "pk": 221,
    "model": "core.issue", 
    "fields": {
      "title": "sn83030214", 
      "date_issued": "1898-03-26", 
      "batch": "batch_oru_fakey2_ver01", 
      "number": "1", 
      "volume": "83", 
      "edition": 1, 
      "edition_label": "",
      "created": "2020-09-21T11:50:00-07:00"
    }
  }
	,
  {
    "pk": 2211,
    "model": "core.page",
    "fields": {
      "jp2_width": 6400,
      "sequence": 1,
      "jp2_length": 8600,
      "number": "",
      "tiff_filename": "sn83030214/00175037652/1898010101/0001.tif",
      "jp2_filename": "sn83030214/00175037652/1898010101/0001.jp2",
      "pdf_filename": "sn83030214/00175037652/1898010101/0001.pdf",
      "indexed": 0,
      "ocr_filename": "sn83030214/00175037652/1898010101/0001.xml",
      "issue": 221,
      "section_label": "",
      "reel": 22,
      "created": "2020-09-21T11:50:00-07:00"
    }
  },
  {
    "model": "core.ocr",
    "pk": 2211,
    "fields": {
      "page": 2211,
      "created": "2020-09-21T11:50:00-07:00"
    }
  },
  {
    "model": "core.languagetext",
    "pk": 2211,
    "fields": {
      "text": "This is fake OCR",
      "language": "eng",
      "ocr": 2211
    }
  },
  {
    "pk": 2212,
    "model": "core.page",
    "fields": {
      "jp2_width": 6400,
      "sequence": 2,
      "jp2_length": 8600,
      "number": "",
      "tiff_filename": "sn83030214/00175037652/1898010101/0002.tif",
      "jp2_filename": "sn83030214/00175037652/1898010101/0002.jp2",
      "pdf_filename": "sn83030214/00175037652/1898010101/0002.pdf",
      "indexed": 0,
      "ocr_filename": "sn83030214/00175037652/1898010101/0002.xml",
      "issue": 221,
      "section_label": "",
      "reel": 22,
      "created": "2020-09-21T11:50:00-07:00"
    }
  },
  {
    "model": "core.ocr",
    "pk": 2212,
    "fields": {
      "page": 2212,
      "created": "2020-09-21T11:50:00-07:00"
    }
  },
  {
    "model": "core.languagetext",
    "pk": 2212,
    "fields": {
      "text": "This is fake OCR",
      "language": "eng",
      "ocr": 2212
    }
  },
  {
    "pk": 2213,
    "model": "core.page",
    "fields": {
      "jp2_width": 6400,
      "sequence": 3,
      "jp2_length": 8600,
      "number": "",
      "tiff_filename": "sn83030214/00175037652/1898010101/0003.tif",
      "jp2_filename": "sn83030214/00175037652/1898010101/0003.jp2",
      "pdf_filename": "sn83030214/00175037652/1898010101/0003.pdf",
      "indexed": 0,
      "ocr_filename": "sn83030214/00175037652/1898010101/0003.xml",
      "issue": 221,
      "section_label": "",
      "reel": 22,
      "created": "2020-09-21T11:50:00-07:00"
    }
  },
  {
    "model": "core.ocr",
    "pk": 2213,
    "fields": {
      "page": 2213,
      "created": "2020-09-21T11:50:00-07:00"
    }
  },
  {
    "model": "core.languagetext",
    "pk": 2213,
    "fields": {
      "text": "This is fake OCR",
      "language": "eng",
      "ocr": 2213
    }
  },
  {
    "pk": 2214,
    "model": "core.page",
    "fields": {
      "jp2_width": 6400,
      "sequence": 4,
      "jp2_length": 8600,
      "number": "",
      "tiff_filename": "sn83030214/00175037652/1898010101/0004.tif",
      "jp2_filename": "sn83030214/00175037652/1898010101/0004.jp2",
      "pdf_filename": "sn83030214/00175037652/1898010101/0004.pdf",
      "indexed": 0,
      "ocr_filename": "sn83030214/00175037652/1898010101/0004.xml",
      "issue": 221,
      "section_label": "",
      "reel": 22,
      "created": "2020-09-21T11:50:00-07:00"
    }
  },
  {
    "model": "core.ocr",
    "pk": 2214,
    "fields": {
      "page": 2214,
      "created": "2020-09-21T11:50:00-07:00"
    }
  },
  {
    "model": "core.languagetext",
    "pk": 2214,
    "fields": {
      "text": "This is fake OCR",
      "language": "eng",
      "ocr": 2214
    }
  },
  {
    "pk": 222,
    "model": "core.issue", 
    "fields": {
      "title": "sn83030214", 
      "date_issued": "1898-04-02", 
      "batch": "batch_oru_fakey2_ver01", 
      "number": "2", 
      "volume": "83", 
      "edition": 1, 
      "edition_label": "",
      "created": "2020-09-21T11:50:00-07:00"
    }
  }
	,
  {
    "pk": 2221,
    "model": "core.page",
    "fields": {
      "jp2_width": 6400,
      "sequence": 1,
      "jp2_length": 8600,
      "number": "",
      "tiff_filename": "sn83030214/00175037652/1898010101/0001.tif",
      "jp2_filename": "sn83030214/00175037652/1898010101/0001.jp2",
      "pdf_filename": "sn83030214/00175037652/1898010101/0001.pdf",
      "indexed": 0,
      "ocr_filename": "sn83030214/00175037652/1898010101/0001.xml",
      "issue": 222,
      "section_label": "",
      "reel": 22,
      "created": "2020-09-21T11:50:00-07:00"
    }
  },
  {
    "model": "core.ocr",
    "pk": 2221,
    "fields": {
      "page": 2221,
      "created": "2020-09-21T11:50:00-07:00"
    }
  },
  {
    "model": "core.languagetext",
    "pk": 2221,
    "fields": {
      "text": "This is fake OCR",
      "language": "eng",
      "ocr": 2221
    }
  },
  {
    "pk": 2222,
    "model": "core.page",
    "fields": {
      "jp2_width": 6400,
      "sequence": 2,
      "jp2_length": 8600,
      "number": "",
      "tiff_filename": "sn83030214/00175037652/1898010101/0002.tif",
      "jp2_filename": "sn83030214/00175037652/1898010101/0002.jp2",
      "pdf_filename": "sn83030214/00175037652/1898010101/0002.pdf",
      "indexed": 0,
      "ocr_filename": "sn83030214/00175037652/1898010101/0002.xml",
      "issue": 222,
      "section_label": "",
      "reel": 22,
      "created": "2020-09-21T11:50:00-07:00"
    }
  },
  {
    "model": "core.ocr",
    "pk": 2222,
    "fields": {
      "page": 2222,
      "created": "2020-09-21T11:50:00-07:00"
    }
  },
  {
    "model": "core.languagetext",
    "pk": 2222,
    "fields": {
      "text": "This is fake OCR",
      "language": "eng",
      "ocr": 2222
    }
  },
  {
    "pk": 2223,
    "model": "core.page",
    "fields": {
      "jp2_width": 6400,
      "sequence": 3,
      "jp2_length": 8600,
      "number": "",
      "tiff_filename": "sn83030214/00175037652/1898010101/0003.tif",
      "jp2_filename": "sn83030214/00175037652/1898010101/0003.jp2",
      "pdf_filename": "sn83030214/00175037652/1898010101/0003.pdf",
      "indexed": 0,
      "ocr_filename": "sn83030214/00175037652/1898010101/0003.xml",
      "issue": 222,
      "section_label": "",
      "reel": 22,
      "created": "2020-09-21T11:50:00-07:00"
    }
  },
  {
    "model": "core.ocr",
    "pk": 2223,
    "fields": {
      "page": 2223,
      "created": "2020-09-21T11:50:00-07:00"
    }
  },
  {
    "model": "core.languagetext",
    "pk": 2223,
    "fields": {
      "text": "This is fake OCR",
      "language": "eng",
      "ocr": 2223
    }
  },
  {
    "pk": 2224,
    "model": "core.page",
    "fields": {
      "jp2_width": 6400,
      "sequence": 4,
      "jp2_length": 8600,
      "number": "",
      "tiff_filename": "sn83030214/00175037652/1898010101/0004.tif",
      "jp2_filename": "sn83030214/00175037652/1898010101/0004.jp2",
      "pdf_filename": "sn83030214/00175037652/1898010101/0004.pdf",
      "indexed": 0,
      "ocr_filename": "sn83030214/00175037652/1898010101/0004.xml",
      "issue": 222,
      "section_label": "",
      "reel": 22,
      "created": "2020-09-21T11:50:00-07:00"
    }
  },
  {
    "model": "core.ocr",
    "pk": 2224,
    "fields": {
      "page": 2224,
      "created": "2020-09-21T11:50:00-07:00"
    }
  },
  {
    "model": "core.languagetext",
    "pk": 2224,
    "fields": {
      "text": "This is fake OCR",
      "language": "eng",
      "ocr": 2224
    }
  },
  {
    "pk": 223,
    "model": "core.issue", 
    "fields": {
      "title": "sn83030214", 
      "date_issued": "1898-04-09", 
      "batch": "batch_oru_fakey2_ver01", 
      "number": "3", 
      "volume": "83", 
      "edition": 1, 
      "edition_label": "",
      "created": "2020-09-21T11:50:00-07:00"
    }
  }
	,
  {
    "pk": 2231,
    "model": "core.page",
    "fields": {
      "jp2_width": 6400,
      "sequence": 1,
      "jp2_length": 8600,
      "number": "",
      "tiff_filename": "sn83030214/00175037652/1898010101/0001.tif",
      "jp2_filename": "sn83030214/00175037652/1898010101/0001.jp2",
      "pdf_filename": "sn83030214/00175037652/1898010101/0001.pdf",
      "indexed": 0,
      "ocr_filename": "sn83030214/00175037652/1898010101/0001.xml",
      "issue": 223,
      "section_label": "",
      "reel": 22,
      "created": "2020-09-21T11:50:00-07:00"
    }
  },
  {
    "model": "core.ocr",
    "pk": 2231,
    "fields": {
      "page": 2231,
      "created": "2020-09-21T11:50:00-07:00"
    }
  },
  {
    "model": "core.languagetext",
    "pk": 2231,
    "fields": {
      "text": "This is fake OCR",
      "language": "eng",
      "ocr": 2231
    }
  },
  {
    "pk": 2232,
    "model": "core.page",
    "fields": {
      "jp2_width": 6400,
      "sequence": 2,
      "jp2_length": 8600,
      "number": "",
      "tiff_filename": "sn83030214/00175037652/1898010101/0002.tif",
      "jp2_filename": "sn83030214/00175037652/1898010101/0002.jp2",
      "pdf_filename": "sn83030214/00175037652/1898010101/0002.pdf",
      "indexed": 0,
      "ocr_filename": "sn83030214/00175037652/1898010101/0002.xml",
      "issue": 223,
      "section_label": "",
      "reel": 22,
      "created": "2020-09-21T11:50:00-07:00"
    }
  },
  {
    "model": "core.ocr",
    "pk": 2232,
    "fields": {
      "page": 2232,
      "created": "2020-09-21T11:50:00-07:00"
    }
  },
  {
    "model": "core.languagetext",
    "pk": 2232,
    "fields": {
      "text": "This is fake OCR",
      "language": "eng",
      "ocr": 2232
    }
  },
  {
    "pk": 2233,
    "model": "core.page",
    "fields": {
      "jp2_width": 6400,
      "sequence": 3,
      "jp2_length": 8600,
      "number": "",
      "tiff_filename": "sn83030214/00175037652/1898010101/0003.tif",
      "jp2_filename": "sn83030214/00175037652/1898010101/0003.jp2",
      "pdf_filename": "sn83030214/00175037652/1898010101/0003.pdf",
      "indexed": 0,
      "ocr_filename": "sn83030214/00175037652/1898010101/0003.xml",
      "issue": 223,
      "section_label": "",
      "reel": 22,
      "created": "2020-09-21T11:50:00-07:00"
    }
  },
  {
    "model": "core.ocr",
    "pk": 2233,
    "fields": {
      "page": 2233,
      "created": "2020-09-21T11:50:00-07:00"
    }
  },
  {
    "model": "core.languagetext",
    "pk": 2233,
    "fields": {
      "text": "This is fake OCR",
      "language": "eng",
      "ocr": 2233
    }
  },
  {
    "pk": 2234,
    "model": "core.page",
    "fields": {
      "jp2_width": 6400,
      "sequence": 4,
      "jp2_length": 8600,
      "number": "",
      "tiff_filename": "sn83030214/00175037652/1898010101/0004.tif",
      "jp2_filename": "sn83030214/00175037652/1898010101/0004.jp2",
      "pdf_filename": "sn83030214/00175037652/1898010101/0004.pdf",
      "indexed": 0,
      "ocr_filename": "sn83030214/00175037652/1898010101/0004.xml",
      "issue": 223,
      "section_label": "",
      "reel": 22,
      "created": "2020-09-21T11:50:00-07:00"
    }
  },
  {
    "model": "core.ocr",
    "pk": 2234,
    "fields": {
      "page": 2234,
      "created": "2020-09-21T11:50:00-07:00"
    }
  },
  {
    "model": "core.languagetext",
    "pk": 2234,
    "fields": {
      "text": "This is fake OCR",
      "language": "eng",
      "ocr": 2234
    }
  },
  {
    "pk": 23,
    "model": "core.reel",
    "fields": {
      "number": 23,
      "batch": "batch_oru_fakey2_ver01",
      "created": "2020-09-21T11:50:00-07:00"
    }
  },
  {
    "pk": 231,
    "model": "core.issue", 
    "fields": {
      "title": "sn83030214", 
      "date_issued": "1898-04-16", 
      "batch": "batch_oru_fakey2_ver01", 
      "number": "1", 
      "volume": "83", 
      "edition": 1, 
      "edition_label": "",
      "created": "2020-09-21T11:50:00-07:00"
    }
  }
	,
  {
    "pk": 2311,
    "model": "core.page",
    "fields": {
      "jp2_width": 6400,
      "sequence": 1,
      "jp2_length": 8600,
      "number": "",
      "tiff_filename": "sn83030214/00175037652/1898010101/0001.tif",
      "jp2_filename": "sn83030214/00175037652/1898010101/0001.jp2",
      "pdf_filename": "sn83030214/00175037652/1898010101/0001.pdf",
      "indexed": 0,
      "ocr_filename": "sn83030214/00175037652/1898010101/0001.xml",
      "issue": 231,
      "section_label": "",
      "reel": 23,
      "created": "2020-09-21T11:50:00-07:00"
    }
  },
  {
    "model": "core.ocr",
    "pk": 2311,
    "fields": {
      "page": 2311,
      "created": "2020-09-21T11:50:00-07:00"
    }
  },
  {
    "model": "core.languagetext",
    "pk": 2311,
    "fields": {
      "text": "This is fake OCR",
      "language": "eng",
      "ocr": 2311
    }
  },
  {
    "pk": 2312,
    "model": "core.page",
    "fields": {
      "jp2_width": 6400,
      "sequence": 2,
      "jp2_length": 8600,
      "number": "",
      "tiff_filename": "sn83030214/00175037652/1898010101/0002.tif",
      "jp2_filename": "sn83030214/00175037652/1898010101/0002.jp2",
      "pdf_filename": "sn83030214/00175037652/1898010101/0002.pdf",
      "indexed": 0,
      "ocr_filename": "sn83030214/00175037652/1898010101/0002.xml",
      "issue": 231,
      "section_label": "",
      "reel": 23,
      "created": "2020-09-21T11:50:00-07:00"
    }
  },
  {
    "model": "core.ocr",
    "pk": 2312,
    "fields": {
      "page": 2312,
      "created": "2020-09-21T11:50:00-07:00"
    }
  },
  {
    "model": "core.languagetext",
    "pk": 2312,
    "fields": {
      "text": "This is fake OCR",
      "language": "eng",
      "ocr": 2312
    }
  },
  {
    "pk": 2313,
    "model": "core.page",
    "fields": {
      "jp2_width": 6400,
      "sequence": 3,
      "jp2_length": 8600,
      "number": "",
      "tiff_filename": "sn83030214/00175037652/1898010101/0003.tif",
      "jp2_filename": "sn83030214/00175037652/1898010101/0003.jp2",
      "pdf_filename": "sn83030214/00175037652/1898010101/0003.pdf",
      "indexed": 0,
      "ocr_filename": "sn83030214/00175037652/1898010101/0003.xml",
      "issue": 231,
      "section_label": "",
      "reel": 23,
      "created": "2020-09-21T11:50:00-07:00"
    }
  },
  {
    "model": "core.ocr",
    "pk": 2313,
    "fields": {
      "page": 2313,
      "created": "2020-09-21T11:50:00-07:00"
    }
  },
  {
    "model": "core.languagetext",
    "pk": 2313,
    "fields": {
      "text": "This is fake OCR",
      "language": "eng",
      "ocr": 2313
    }
  },
  {
    "pk": 2314,
    "model": "core.page",
    "fields": {
      "jp2_width": 6400,
      "sequence": 4,
      "jp2_length": 8600,
      "number": "",
      "tiff_filename": "sn83030214/00175037652/1898010101/0004.tif",
      "jp2_filename": "sn83030214/00175037652/1898010101/0004.jp2",
      "pdf_filename": "sn83030214/00175037652/1898010101/0004.pdf",
      "indexed": 0,
      "ocr_filename": "sn83030214/00175037652/1898010101/0004.xml",
      "issue": 231,
      "section_label": "",
      "reel": 23,
      "created": "2020-09-21T11:50:00-07:00"
    }
  },
  {
    "model": "core.ocr",
    "pk": 2314,
    "fields": {
      "page": 2314,
      "created": "2020-09-21T11:50:00-07:00"
    }
  },
  {
    "model": "core.languagetext",
    "pk": 2314,
    "fields": {
      "text": "This is fake OCR",
      "language": "eng",
      "ocr": 2314
    }
  },
  {
    "pk": 232,
    "model": "core.issue", 
    "fields": {
      "title": "sn83030214", 
      "date_issued": "1898-04-23", 
      "batch": "batch_oru_fakey2_ver01", 
      "number": "2", 
      "volume": "83", 
      "edition": 1, 
      "edition_label": "",
      "created": "2020-09-21T11:50:00-07:00"
    }
  }
	,
  {
    "pk": 2321,
    "model": "core.page",
    "fields": {
      "jp2_width": 6400,
      "sequence": 1,
      "jp2_length": 8600,
      "number": "",
      "tiff_filename": "sn83030214/00175037652/1898010101/0001.tif",
      "jp2_filename": "sn83030214/00175037652/1898010101/0001.jp2",
      "pdf_filename": "sn83030214/00175037652/1898010101/0001.pdf",
      "indexed": 0,
      "ocr_filename": "sn83030214/00175037652/1898010101/0001.xml",
      "issue": 232,
      "section_label": "",
      "reel": 23,
      "created": "2020-09-21T11:50:00-07:00"
    }
  },
  {
    "model": "core.ocr",
    "pk": 2321,
    "fields": {
      "page": 2321,
      "created": "2020-09-21T11:50:00-07:00"
    }
  },
  {
    "model": "core.languagetext",
    "pk": 2321,
    "fields": {
      "text": "This is fake OCR",
      "language": "eng",
      "ocr": 2321
    }
  },
  {
    "pk": 2322,
    "model": "core.page",
    "fields": {
      "jp2_width": 6400,
      "sequence": 2,
      "jp2_length": 8600,
      "number": "",
      "tiff_filename": "sn83030214/00175037652/1898010101/0002.tif",
      "jp2_filename": "sn83030214/00175037652/1898010101/0002.jp2",
      "pdf_filename": "sn83030214/00175037652/1898010101/0002.pdf",
      "indexed": 0,
      "ocr_filename": "sn83030214/00175037652/1898010101/0002.xml",
      "issue": 232,
      "section_label": "",
      "reel": 23,
      "created": "2020-09-21T11:50:00-07:00"
    }
  },
  {
    "model": "core.ocr",
    "pk": 2322,
    "fields": {
      "page": 2322,
      "created": "2020-09-21T11:50:00-07:00"
    }
  },
  {
    "model": "core.languagetext",
    "pk": 2322,
    "fields": {
      "text": "This is fake OCR",
      "language": "eng",
      "ocr": 2322
    }
  },
  {
    "pk": 2323,
    "model": "core.page",
    "fields": {
      "jp2_width": 6400,
      "sequence": 3,
      "jp2_length": 8600,
      "number": "",
      "tiff_filename": "sn83030214/00175037652/1898010101/0003.tif",
      "jp2_filename": "sn83030214/00175037652/1898010101/0003.jp2",
      "pdf_filename": "sn83030214/00175037652/1898010101/0003.pdf",
      "indexed": 0,
      "ocr_filename": "sn83030214/00175037652/1898010101/0003.xml",
      "issue": 232,
      "section_label": "",
      "reel": 23,
      "created": "2020-09-21T11:50:00-07:00"
    }
  },
  {
    "model": "core.ocr",
    "pk": 2323,
    "fields": {
      "page": 2323,
      "created": "2020-09-21T11:50:00-07:00"
    }
  },
  {
    "model": "core.languagetext",
    "pk": 2323,
    "fields": {
      "text": "This is fake OCR",
      "language": "eng",
      "ocr": 2323
    }
  },
  {
    "pk": 2324,
    "model": "core.page",
    "fields": {
      "jp2_width": 6400,
      "sequence": 4,
      "jp2_length": 8600,
      "number": "",
      "tiff_filename": "sn83030214/00175037652/1898010101/0004.tif",
      "jp2_filename": "sn83030214/00175037652/1898010101/0004.jp2",
      "pdf_filename": "sn83030214/00175037652/1898010101/0004.pdf",
      "indexed": 0,
      "ocr_filename": "sn83030214/00175037652/1898010101/0004.xml",
      "issue": 232,
      "section_label": "",
      "reel": 23,
      "created": "2020-09-21T11:50:00-07:00"
    }
  },
  {
    "model": "core.ocr",
    "pk": 2324,
    "fields": {
      "page": 2324,
      "created": "2020-09-21T11:50:00-07:00"
    }
  },
  {
    "model": "core.languagetext",
    "pk": 2324,
    "fields": {
      "text": "This is fake OCR",
      "language": "eng",
      "ocr": 2324
    }
  },
  {
    "pk": 233,
    "model": "core.issue", 
    "fields": {
      "title": "sn83030214", 
      "date_issued": "1898-04-30", 
      "batch": "batch_oru_fakey2_ver01", 
      "number": "3", 
      "volume": "83", 
      "edition": 1, 
      "edition_label": "",
      "created": "2020-09-21T11:50:00-07:00"
    }
  }
	,
  {
    "pk": 2331,
    "model": "core.page",
    "fields": {
      "jp2_width": 6400,
      "sequence": 1,
      "jp2_length": 8600,
      "number": "",
      "tiff_filename": "sn83030214/00175037652/1898010101/0001.tif",
      "jp2_filename": "sn83030214/00175037652/1898010101/0001.jp2",
      "pdf_filename": "sn83030214/00175037652/1898010101/0001.pdf",
      "indexed": 0,
      "ocr_filename": "sn83030214/00175037652/1898010101/0001.xml",
      "issue": 233,
      "section_label": "",
      "reel": 23,
      "created": "2020-09-21T11:50:00-07:00"
    }
  },
  {
    "model": "core.ocr",
    "pk": 2331,
    "fields": {
      "page": 2331,
      "created": "2020-09-21T11:50:00-07:00"
    }
  },
  {
    "model": "core.languagetext",
    "pk": 2331,
    "fields": {
      "text": "This is fake OCR",
      "language": "eng",
      "ocr": 2331
    }
  },
  {
    "pk": 2332,
    "model": "core.page",
    "fields": {
      "jp2_width": 6400,
      "sequence": 2,
      "jp2_length": 8600,
      "number": "",
      "tiff_filename": "sn83030214/00175037652/1898010101/0002.tif",
      "jp2_filename": "sn83030214/00175037652/1898010101/0002.jp2",
      "pdf_filename": "sn83030214/00175037652/1898010101/0002.pdf",
      "indexed": 0,
      "ocr_filename": "sn83030214/00175037652/1898010101/0002.xml",
      "issue": 233,
      "section_label": "",
      "reel": 23,
      "created": "2020-09-21T11:50:00-07:00"
    }
  },
  {
    "model": "core.ocr",
    "pk": 2332,
    "fields": {
      "page": 2332,
      "created": "2020-09-21T11:50:00-07:00"
    }
  },
  {
    "model": "core.languagetext",
    "pk": 2332,
    "fields": {
      "text": "This is fake OCR",
      "language": "eng",
      "ocr": 2332
    }
  },
  {
    "pk": 2333,
    "model": "core.page",
    "fields": {
      "jp2_width": 6400,
      "sequence": 3,
      "jp2_length": 8600,
      "number": "",
      "tiff_filename": "sn83030214/00175037652/1898010101/0003.tif",
      "jp2_filename": "sn83030214/00175037652/1898010101/0003.jp2",
      "pdf_filename": "sn83030214/00175037652/1898010101/0003.pdf",
      "indexed": 0,
      "ocr_filename": "sn83030214/00175037652/1898010101/0003.xml",
      "issue": 233,
      "section_label": "",
      "reel": 23,
      "created": "2020-09-21T11:50:00-07:00"
    }
  },
  {
    "model": "core.ocr",
    "pk": 2333,
    "fields": {
      "page": 2333,
      "created": "2020-09-21T11:50:00-07:00"
    }
  },
  {
    "model": "core.languagetext",
    "pk": 2333,
    "fields": {
      "text": "This is fake OCR",
      "language": "eng",
      "ocr": 2333
    }
  },
  {
    "pk": 2334,
    "model": "core.page",
    "fields": {
      "jp2_width": 6400,
      "sequence": 4,
      "jp2_length": 8600,
      "number": "",
      "tiff_filename": "sn83030214/00175037652/1898010101/0004.tif",
      "jp2_filename": "sn83030214/00175037652/1898010101/0004.jp2",
      "pdf_filename": "sn83030214/00175037652/1898010101/0004.pdf",
      "indexed": 0,
      "ocr_filename": "sn83030214/00175037652/1898010101/0004.xml",
      "issue": 233,
      "section_label": "",
      "reel": 23,
      "created": "2020-09-21T11:50:00-07:00"
    }
  },
  {
    "model": "core.ocr",
    "pk": 2334,
    "fields": {
      "page": 2334,
      "created": "2020-09-21T11:50:00-07:00"
    }
  },
  {
    "model": "core.languagetext",
    "pk": 2334,
    "fields": {
      "text": "This is fake OCR",
      "language": "eng",
      "ocr": 2334
    }
  },
  {
    "pk": "batch_oru_fakey3_ver01", 
    "model": "core.batch", 
    "fields": {
      "validated_batch_file": "BATCH_1.xml", 
      "awardee": "oru", 
      "created": "2020-09-21T11:50:00-07:00"
    }
  },
  {
    "pk": 31,
    "model": "core.reel",
    "fields": {
      "number": 31,
      "batch": "batch_oru_fakey3_ver01",
      "created": "2020-09-21T11:50:00-07:00"
    }
  },
  {
    "pk": 311,
    "model": "core.issue", 
    "fields": {
      "title": "sn83030214", 
      "date_issued": "1898-05-07", 
      "batch": "batch_oru_fakey3_ver01", 
      "number": "1", 
      "volume": "83", 
      "edition": 1, 
      "edition_label": "",
      "created": "2020-09-21T11:50:00-07:00"
    }
  }
	,
  {
    "pk": 3111,
    "model": "core.page",
    "fields": {
      "jp2_width": 6400,
      "sequence": 1,
      "jp2_length": 8600,
      "number": "",
      "tiff_filename": "sn83030214/00175037652/1898010101/0001.tif",
      "jp2_filename": "sn83030214/00175037652/1898010101/0001.jp2",
      "pdf_filename": "sn83030214/00175037652/1898010101/0001.pdf",
      "indexed": 0,
      "ocr_filename": "sn83030214/00175037652/1898010101/0001.xml",
      "issue": 311,
      "section_label": "",
      "reel": 31,
      "created": "2020-09-21T11:50:00-07:00"
    }
  },
  {
    "model": "core.ocr",
    "pk": 3111,
    "fields": {
      "page": 3111,
      "created": "2020-09-21T11:50:00-07:00"
    }
  },
  {
    "model": "core.languagetext",
    "pk": 3111,
    "fields": {
      "text": "This is fake OCR",
      "language": "eng",
      "ocr": 3111
    }
  },
  {
    "pk": 3112,
    "model": "core.page",
    "fields": {
      "jp2_width": 6400,
      "sequence": 2,
      "jp2_length": 8600,
      "number": "",
      "tiff_filename": "sn83030214/00175037652/1898010101/0002.tif",
      "jp2_filename": "sn83030214/00175037652/1898010101/0002.jp2",
      "pdf_filename": "sn83030214/00175037652/1898010101/0002.pdf",
      "indexed": 0,
      "ocr_filename": "sn83030214/00175037652/1898010101/0002.xml",
      "issue": 311,
      "section_label": "",
      "reel": 31,
      "created": "2020-09-21T11:50:00-07:00"
    }
  },
  {
    "model": "core.ocr",
    "pk": 3112,
    "fields": {
      "page": 3112,
      "created": "2020-09-21T11:50:00-07:00"
    }
  },
  {
    "model": "core.languagetext",
    "pk": 3112,
    "fields": {
      "text": "This is fake OCR",
      "language": "eng",
      "ocr": 3112
    }
  },
  {
    "pk": 3113,
    "model": "core.page",
    "fields": {
      "jp2_width": 6400,
      "sequence": 3,
      "jp2_length": 8600,
      "number": "",
      "tiff_filename": "sn83030214/00175037652/1898010101/0003.tif",
      "jp2_filename": "sn83030214/00175037652/1898010101/0003.jp2",
      "pdf_filename": "sn83030214/00175037652/1898010101/0003.pdf",
      "indexed": 0,
      "ocr_filename": "sn83030214/00175037652/1898010101/0003.xml",
      "issue": 311,
      "section_label": "",
      "reel": 31,
      "created": "2020-09-21T11:50:00-07:00"
    }
  },
  {
    "model": "core.ocr",
    "pk": 3113,
    "fields": {
      "page": 3113,
      "created": "2020-09-21T11:50:00-07:00"
    }
  },
  {
    "model": "core.languagetext",
    "pk": 3113,
    "fields": {
      "text": "This is fake OCR",
      "language": "eng",
      "ocr": 3113
    }
  },
  {
    "pk": 3114,
    "model": "core.page",
    "fields": {
      "jp2_width": 6400,
      "sequence": 4,
      "jp2_length": 8600,
      "number": "",
      "tiff_filename": "sn83030214/00175037652/1898010101/0004.tif",
      "jp2_filename": "sn83030214/00175037652/1898010101/0004.jp2",
      "pdf_filename": "sn83030214/00175037652/1898010101/0004.pdf",
      "indexed": 0,
      "ocr_filename": "sn83030214/00175037652/1898010101/0004.xml",
      "issue": 311,
      "section_label": "",
      "reel": 31,
      "created": "2020-09-21T11:50:00-07:00"
    }
  },
  {
    "model": "core.ocr",
    "pk": 3114,
    "fields": {
      "page": 3114,
      "created": "2020-09-21T11:50:00-07:00"
    }
  },
  {
    "model": "core.languagetext",
    "pk": 3114,
    "fields": {
      "text": "This is fake OCR",
      "language": "eng",
      "ocr": 3114
    }
  },
  {
    "pk": 312,
    "model": "core.issue", 
    "fields": {
      "title": "sn83030214", 
      "date_issued": "1898-05-14", 
      "batch": "batch_oru_fakey3_ver01", 
      "number": "2", 
      "volume": "83", 
      "edition": 1, 
      "edition_label": "",
      "created": "2020-09-21T11:50:00-07:00"
    }
  }
	,
  {
    "pk": 3121,
    "model": "core.page",
    "fields": {
      "jp2_width": 6400,
      "sequence": 1,
      "jp2_length": 8600,
      "number": "",
      "tiff_filename": "sn83030214/00175037652/1898010101/0001.tif",
      "jp2_filename": "sn83030214/00175037652/1898010101/0001.jp2",
      "pdf_filename": "sn83030214/00175037652/1898010101/0001.pdf",
      "indexed": 0,
      "ocr_filename": "sn83030214/00175037652/1898010101/0001.xml",
      "issue": 312,
      "section_label": "",
      "reel": 31,
      "created": "2020-09-21T11:50:00-07:00"
    }
  },
  {
    "model": "core.ocr",
    "pk": 3121,
    "fields": {
      "page": 3121,
      "created": "2020-09-21T11:50:00-07:00"
    }
  },
  {
    "model": "core.languagetext",
    "pk": 3121,
    "fields": {
      "text": "This is fake OCR",
      "language": "eng",
      "ocr": 3121
    }
  },
  {
    "pk": 3122,
    "model": "core.page",
    "fields": {
      "jp2_width": 6400,
      "sequence": 2,
      "jp2_length": 8600,
      "number": "",
      "tiff_filename": "sn83030214/00175037652/1898010101/0002.tif",
      "jp2_filename": "sn83030214/00175037652/1898010101/0002.jp2",
      "pdf_filename": "sn83030214/00175037652/1898010101/0002.pdf",
      "indexed": 0,
      "ocr_filename": "sn83030214/00175037652/1898010101/0002.xml",
      "issue": 312,
      "section_label": "",
      "reel": 31,
      "created": "2020-09-21T11:50:00-07:00"
    }
  },
  {
    "model": "core.ocr",
    "pk": 3122,
    "fields": {
      "page": 3122,
      "created": "2020-09-21T11:50:00-07:00"
    }
  },
  {
    "model": "core.languagetext",
    "pk": 3122,
    "fields": {
      "text": "This is fake OCR",
      "language": "eng",
      "ocr": 3122
    }
  },
  {
    "pk": 3123,
    "model": "core.page",
    "fields": {
      "jp2_width": 6400,
      "sequence": 3,
      "jp2_length": 8600,
      "number": "",
      "tiff_filename": "sn83030214/00175037652/1898010101/0003.tif",
      "jp2_filename": "sn83030214/00175037652/1898010101/0003.jp2",
      "pdf_filename": "sn83030214/00175037652/1898010101/0003.pdf",
      "indexed": 0,
      "ocr_filename": "sn83030214/00175037652/1898010101/0003.xml",
      "issue": 312,
      "section_label": "",
      "reel": 31,
      "created": "2020-09-21T11:50:00-07:00"
    }
  },
  {
    "model": "core.ocr",
    "pk": 3123,
    "fields": {
      "page": 3123,
      "created": "2020-09-21T11:50:00-07:00"
    }
  },
  {
    "model": "core.languagetext",
    "pk": 3123,
    "fields": {
      "text": "This is fake OCR",
      "language": "eng",
      "ocr": 3123
    }
  },
  {
    "pk": 3124,
    "model": "core.page",
    "fields": {
      "jp2_width": 6400,
      "sequence": 4,
      "jp2_length": 8600,
      "number": "",
      "tiff_filename": "sn83030214/00175037652/1898010101/0004.tif",
      "jp2_filename": "sn83030214/00175037652/1898010101/0004.jp2",
      "pdf_filename": "sn83030214/00175037652/1898010101/0004.pdf",
      "indexed": 0,
      "ocr_filename": "sn83030214/00175037652/1898010101/0004.xml",
      "issue": 312,
      "section_label": "",
      "reel": 31,
      "created": "2020-09-21T11:50:00-07:00"
    }
  },
  {
    "model": "core.ocr",
    "pk": 3124,
    "fields": {
      "page": 3124,
      "created": "2020-09-21T11:50:00-07:00"
    }
  },
  {
    "model": "core.languagetext",
    "pk": 3124,
    "fields": {
      "text": "This is fake OCR",
      "language": "eng",
      "ocr": 3124
    }
  },
  {
    "pk": 313,
    "model": "core.issue", 
    "fields": {
      "title": "sn83030214", 
      "date_issued": "1898-05-21", 
      "batch": "batch_oru_fakey3_ver01", 
      "number": "3", 
      "volume": "83", 
      "edition": 1, 
      "edition_label": "",
      "created": "2020-09-21T11:50:00-07:00"
    }
  }
	,
  {
    "pk": 3131,
    "model": "core.page",
    "fields": {
      "jp2_width": 6400,
      "sequence": 1,
      "jp2_length": 8600,
      "number": "",
      "tiff_filename": "sn83030214/00175037652/1898010101/0001.tif",
      "jp2_filename": "sn83030214/00175037652/1898010101/0001.jp2",
      "pdf_filename": "sn83030214/00175037652/1898010101/0001.pdf",
      "indexed": 0,
      "ocr_filename": "sn83030214/00175037652/1898010101/0001.xml",
      "issue": 313,
      "section_label": "",
      "reel": 31,
      "created": "2020-09-21T11:50:00-07:00"
    }
  },
  {
    "model": "core.ocr",
    "pk": 3131,
    "fields": {
      "page": 3131,
      "created": "2020-09-21T11:50:00-07:00"
    }
  },
  {
    "model": "core.languagetext",
    "pk": 3131,
    "fields": {
      "text": "This is fake OCR",
      "language": "eng",
      "ocr": 3131
    }
  },
  {
    "pk": 3132,
    "model": "core.page",
    "fields": {
      "jp2_width": 6400,
      "sequence": 2,
      "jp2_length": 8600,
      "number": "",
      "tiff_filename": "sn83030214/00175037652/1898010101/0002.tif",
      "jp2_filename": "sn83030214/00175037652/1898010101/0002.jp2",
      "pdf_filename": "sn83030214/00175037652/1898010101/0002.pdf",
      "indexed": 0,
      "ocr_filename": "sn83030214/00175037652/1898010101/0002.xml",
      "issue": 313,
      "section_label": "",
      "reel": 31,
      "created": "2020-09-21T11:50:00-07:00"
    }
  },
  {
    "model": "core.ocr",
    "pk": 3132,
    "fields": {
      "page": 3132,
      "created": "2020-09-21T11:50:00-07:00"
    }
  },
  {
    "model": "core.languagetext",
    "pk": 3132,
    "fields": {
      "text": "This is fake OCR",
      "language": "eng",
      "ocr": 3132
    }
  },
  {
    "pk": 3133,
    "model": "core.page",
    "fields": {
      "jp2_width": 6400,
      "sequence": 3,
      "jp2_length": 8600,
      "number": "",
      "tiff_filename": "sn83030214/00175037652/1898010101/0003.tif",
      "jp2_filename": "sn83030214/00175037652/1898010101/0003.jp2",
      "pdf_filename": "sn83030214/00175037652/1898010101/0003.pdf",
      "indexed": 0,
      "ocr_filename": "sn83030214/00175037652/1898010101/0003.xml",
      "issue": 313,
      "section_label": "",
      "reel": 31,
      "created": "2020-09-21T11:50:00-07:00"
    }
  },
  {
    "model": "core.ocr",
    "pk": 3133,
    "fields": {
      "page": 3133,
      "created": "2020-09-21T11:50:00-07:00"
    }
  },
  {
    "model": "core.languagetext",
    "pk": 3133,
    "fields": {
      "text": "This is fake OCR",
      "language": "eng",
      "ocr": 3133
    }
  },
  {
    "pk": 3134,
    "model": "core.page",
    "fields": {
      "jp2_width": 6400,
      "sequence": 4,
      "jp2_length": 8600,
      "number": "",
      "tiff_filename": "sn83030214/00175037652/1898010101/0004.tif",
      "jp2_filename": "sn83030214/00175037652/1898010101/0004.jp2",
      "pdf_filename": "sn83030214/00175037652/1898010101/0004.pdf",
      "indexed": 0,
      "ocr_filename": "sn83030214/00175037652/1898010101/0004.xml",
      "issue": 313,
      "section_label": "",
      "reel": 31,
      "created": "2020-09-21T11:50:00-07:00"
    }
  },
  {
    "model": "core.ocr",
    "pk": 3134,
    "fields": {
      "page": 3134,
      "created": "2020-09-21T11:50:00-07:00"
    }
  },
  {
    "model": "core.languagetext",
    "pk": 3134,
    "fields": {
      "text": "This is fake OCR",
      "language": "eng",
      "ocr": 3134
    }
  },
  {
    "pk": 32,
    "model": "core.reel",
    "fields": {
      "number": 32,
      "batch": "batch_oru_fakey3_ver01",
      "created": "2020-09-21T11:50:00-07:00"
    }
  },
  {
    "pk": 321,
    "model": "core.issue", 
    "fields": {
      "title": "sn83030214", 
      "date_issued": "1898-05-28", 
      "batch": "batch_oru_fakey3_ver01", 
      "number": "1", 
      "volume": "83", 
      "edition": 1, 
      "edition_label": "",
      "created": "2020-09-21T11:50:00-07:00"
    }
  }
	,
  {
    "pk": 3211,
    "model": "core.page",
    "fields": {
      "jp2_width": 6400,
      "sequence": 1,
      "jp2_length": 8600,
      "number": "",
      "tiff_filename": "sn83030214/00175037652/1898010101/0001.tif",
      "jp2_filename": "sn83030214/00175037652/1898010101/0001.jp2",
      "pdf_filename": "sn83030214/00175037652/1898010101/0001.pdf",
      "indexed": 0,
      "ocr_filename": "sn83030214/00175037652/1898010101/0001.xml",
      "issue": 321,
      "section_label": "",
      "reel": 32,
      "created": "2020-09-21T11:50:00-07:00"
    }
  },
  {
    "model": "core.ocr",
    "pk": 3211,
    "fields": {
      "page": 3211,
      "created": "2020-09-21T11:50:00-07:00"
    }
  },
  {
    "model": "core.languagetext",
    "pk": 3211,
    "fields": {
      "text": "This is fake OCR",
      "language": "eng",
      "ocr": 3211
    }
  },
  {
    "pk": 3212,
    "model": "core.page",
    "fields": {
      "jp2_width": 6400,
      "sequence": 2,
      "jp2_length": 8600,
      "number": "",
      "tiff_filename": "sn83030214/00175037652/1898010101/0002.tif",
      "jp2_filename": "sn83030214/00175037652/1898010101/0002.jp2",
      "pdf_filename": "sn83030214/00175037652/1898010101/0002.pdf",
      "indexed": 0,
      "ocr_filename": "sn83030214/00175037652/1898010101/0002.xml",
      "issue": 321,
      "section_label": "",
      "reel": 32,
      "created": "2020-09-21T11:50:00-07:00"
    }
  },
  {
    "model": "core.ocr",
    "pk": 3212,
    "fields": {
      "page": 3212,
      "created": "2020-09-21T11:50:00-07:00"
    }
  },
  {
    "model": "core.languagetext",
    "pk": 3212,
    "fields": {
      "text": "This is fake OCR",
      "language": "eng",
      "ocr": 3212
    }
  },
  {
    "pk": 3213,
    "model": "core.page",
    "fields": {
      "jp2_width": 6400,
      "sequence": 3,
      "jp2_length": 8600,
      "number": "",
      "tiff_filename": "sn83030214/00175037652/1898010101/0003.tif",
      "jp2_filename": "sn83030214/00175037652/1898010101/0003.jp2",
      "pdf_filename": "sn83030214/00175037652/1898010101/0003.pdf",
      "indexed": 0,
      "ocr_filename": "sn83030214/00175037652/1898010101/0003.xml",
      "issue": 321,
      "section_label": "",
      "reel": 32,
      "created": "2020-09-21T11:50:00-07:00"
    }
  },
  {
    "model": "core.ocr",
    "pk": 3213,
    "fields": {
      "page": 3213,
      "created": "2020-09-21T11:50:00-07:00"
    }
  },
  {
    "model": "core.languagetext",
    "pk": 3213,
    "fields": {
      "text": "This is fake OCR",
      "language": "eng",
      "ocr": 3213
    }
  },
  {
    "pk": 3214,
    "model": "core.page",
    "fields": {
      "jp2_width": 6400,
      "sequence": 4,
      "jp2_length": 8600,
      "number": "",
      "tiff_filename": "sn83030214/00175037652/1898010101/0004.tif",
      "jp2_filename": "sn83030214/00175037652/1898010101/0004.jp2",
      "pdf_filename": "sn83030214/00175037652/1898010101/0004.pdf",
      "indexed": 0,
      "ocr_filename": "sn83030214/00175037652/1898010101/0004.xml",
      "issue": 321,
      "section_label": "",
      "reel": 32,
      "created": "2020-09-21T11:50:00-07:00"
    }
  },
  {
    "model": "core.ocr",
    "pk": 3214,
    "fields": {
      "page": 3214,
      "created": "2020-09-21T11:50:00-07:00"
    }
  },
  {
    "model": "core.languagetext",
    "pk": 3214,
    "fields": {
      "text": "This is fake OCR",
      "language": "eng",
      "ocr": 3214
    }
  },
  {
    "pk": 322,
    "model": "core.issue", 
    "fields": {
      "title": "sn83030214", 
      "date_issued": "1898-06-04", 
      "batch": "batch_oru_fakey3_ver01", 
      "number": "2", 
      "volume": "83", 
      "edition": 1, 
      "edition_label": "",
      "created": "2020-09-21T11:50:00-07:00"
    }
  }
	,
  {
    "pk": 3221,
    "model": "core.page",
    "fields": {
      "jp2_width": 6400,
      "sequence": 1,
      "jp2_length": 8600,
      "number": "",
      "tiff_filename": "sn83030214/00175037652/1898010101/0001.tif",
      "jp2_filename": "sn83030214/00175037652/1898010101/0001.jp2",
      "pdf_filename": "sn83030214/00175037652/1898010101/0001.pdf",
      "indexed": 0,
      "ocr_filename": "sn83030214/00175037652/1898010101/0001.xml",
      "issue": 322,
      "section_label": "",
      "reel": 32,
      "created": "2020-09-21T11:50:00-07:00"
    }
  },
  {
    "model": "core.ocr",
    "pk": 3221,
    "fields": {
      "page": 3221,
      "created": "2020-09-21T11:50:00-07:00"
    }
  },
  {
    "model": "core.languagetext",
    "pk": 3221,
    "fields": {
      "text": "This is fake OCR",
      "language": "eng",
      "ocr": 3221
    }
  },
  {
    "pk": 3222,
    "model": "core.page",
    "fields": {
      "jp2_width": 6400,
      "sequence": 2,
      "jp2_length": 8600,
      "number": "",
      "tiff_filename": "sn83030214/00175037652/1898010101/0002.tif",
      "jp2_filename": "sn83030214/00175037652/1898010101/0002.jp2",
      "pdf_filename": "sn83030214/00175037652/1898010101/0002.pdf",
      "indexed": 0,
      "ocr_filename": "sn83030214/00175037652/1898010101/0002.xml",
      "issue": 322,
      "section_label": "",
      "reel": 32,
      "created": "2020-09-21T11:50:00-07:00"
    }
  },
  {
    "model": "core.ocr",
    "pk": 3222,
    "fields": {
      "page": 3222,
      "created": "2020-09-21T11:50:00-07:00"
    }
  },
  {
    "model": "core.languagetext",
    "pk": 3222,
    "fields": {
      "text": "This is fake OCR",
      "language": "eng",
      "ocr": 3222
    }
  },
  {
    "pk": 3223,
    "model": "core.page",
    "fields": {
      "jp2_width": 6400,
      "sequence": 3,
      "jp2_length": 8600,
      "number": "",
      "tiff_filename": "sn83030214/00175037652/1898010101/0003.tif",
      "jp2_filename": "sn83030214/00175037652/1898010101/0003.jp2",
      "pdf_filename": "sn83030214/00175037652/1898010101/0003.pdf",
      "indexed": 0,
      "ocr_filename": "sn83030214/00175037652/1898010101/0003.xml",
      "issue": 322,
      "section_label": "",
      "reel": 32,
      "created": "2020-09-21T11:50:00-07:00"
    }
  },
  {
    "model": "core.ocr",
    "pk": 3223,
    "fields": {
      "page": 3223,
      "created": "2020-09-21T11:50:00-07:00"
    }
  },
  {
    "model": "core.languagetext",
    "pk": 3223,
    "fields": {
      "text": "This is fake OCR",
      "language": "eng",
      "ocr": 3223
    }
  },
  {
    "pk": 3224,
    "model": "core.page",
    "fields": {
      "jp2_width": 6400,
      "sequence": 4,
      "jp2_length": 8600,
      "number": "",
      "tiff_filename": "sn83030214/00175037652/1898010101/0004.tif",
      "jp2_filename": "sn83030214/00175037652/1898010101/0004.jp2",
      "pdf_filename": "sn83030214/00175037652/1898010101/0004.pdf",
      "indexed": 0,
      "ocr_filename": "sn83030214/00175037652/1898010101/0004.xml",
      "issue": 322,
      "section_label": "",
      "reel": 32,
      "created": "2020-09-21T11:50:00-07:00"
    }
  },
  {
    "model": "core.ocr",
    "pk": 3224,
    "fields": {
      "page": 3224,
      "created": "2020-09-21T11:50:00-07:00"
    }
  },
  {
    "model": "core.languagetext",
    "pk": 3224,
    "fields": {
      "text": "This is fake OCR",
      "language": "eng",
      "ocr": 3224
    }
  },
  {
    "pk": 323,
    "model": "core.issue", 
    "fields": {
      "title": "sn83030214", 
      "date_issued": "1898-06-11", 
      "batch": "batch_oru_fakey3_ver01", 
      "number": "3", 
      "volume": "83", 
      "edition": 1, 
      "edition_label": "",
      "created": "2020-09-21T11:50:00-07:00"
    }
  }
	,
  {
    "pk": 3231,
    "model": "core.page",
    "fields": {
      "jp2_width": 6400,
      "sequence": 1,
      "jp2_length": 8600,
      "number": "",
      "tiff_filename": "sn83030214/00175037652/1898010101/0001.tif",
      "jp2_filename": "sn83030214/00175037652/1898010101/0001.jp2",
      "pdf_filename": "sn83030214/00175037652/1898010101/0001.pdf",
      "indexed": 0,
      "ocr_filename": "sn83030214/00175037652/1898010101/0001.xml",
      "issue": 323,
      "section_label": "",
      "reel": 32,
      "created": "2020-09-21T11:50:00-07:00"
    }
  },
  {
    "model": "core.ocr",
    "pk": 3231,
    "fields": {
      "page": 3231,
      "created": "2020-09-21T11:50:00-07:00"
    }
  },
  {
    "model": "core.languagetext",
    "pk": 3231,
    "fields": {
      "text": "This is fake OCR",
      "language": "eng",
      "ocr": 3231
    }
  },
  {
    "pk": 3232,
    "model": "core.page",
    "fields": {
      "jp2_width": 6400,
      "sequence": 2,
      "jp2_length": 8600,
      "number": "",
      "tiff_filename": "sn83030214/00175037652/1898010101/0002.tif",
      "jp2_filename": "sn83030214/00175037652/1898010101/0002.jp2",
      "pdf_filename": "sn83030214/00175037652/1898010101/0002.pdf",
      "indexed": 0,
      "ocr_filename": "sn83030214/00175037652/1898010101/0002.xml",
      "issue": 323,
      "section_label": "",
      "reel": 32,
      "created": "2020-09-21T11:50:00-07:00"
    }
  },
  {
    "model": "core.ocr",
    "pk": 3232,
    "fields": {
      "page": 3232,
      "created": "2020-09-21T11:50:00-07:00"
    }
  },
  {
    "model": "core.languagetext",
    "pk": 3232,
    "fields": {
      "text": "This is fake OCR",
      "language": "eng",
      "ocr": 3232
    }
  },
  {
    "pk": 3233,
    "model": "core.page",
    "fields": {
      "jp2_width": 6400,
      "sequence": 3,
      "jp2_length": 8600,
      "number": "",
      "tiff_filename": "sn83030214/00175037652/1898010101/0003.tif",
      "jp2_filename": "sn83030214/00175037652/1898010101/0003.jp2",
      "pdf_filename": "sn83030214/00175037652/1898010101/0003.pdf",
      "indexed": 0,
      "ocr_filename": "sn83030214/00175037652/1898010101/0003.xml",
      "issue": 323,
      "section_label": "",
      "reel": 32,
      "created": "2020-09-21T11:50:00-07:00"
    }
  },
  {
    "model": "core.ocr",
    "pk": 3233,
    "fields": {
      "page": 3233,
      "created": "2020-09-21T11:50:00-07:00"
    }
  },
  {
    "model": "core.languagetext",
    "pk": 3233,
    "fields": {
      "text": "This is fake OCR",
      "language": "eng",
      "ocr": 3233
    }
  },
  {
    "pk": 3234,
    "model": "core.page",
    "fields": {
      "jp2_width": 6400,
      "sequence": 4,
      "jp2_length": 8600,
      "number": "",
      "tiff_filename": "sn83030214/00175037652/1898010101/0004.tif",
      "jp2_filename": "sn83030214/00175037652/1898010101/0004.jp2",
      "pdf_filename": "sn83030214/00175037652/1898010101/0004.pdf",
      "indexed": 0,
      "ocr_filename": "sn83030214/00175037652/1898010101/0004.xml",
      "issue": 323,
      "section_label": "",
      "reel": 32,
      "created": "2020-09-21T11:50:00-07:00"
    }
  },
  {
    "model": "core.ocr",
    "pk": 3234,
    "fields": {
      "page": 3234,
      "created": "2020-09-21T11:50:00-07:00"
    }
  },
  {
    "model": "core.languagetext",
    "pk": 3234,
    "fields": {
      "text": "This is fake OCR",
      "language": "eng",
      "ocr": 3234
    }
  },
  {
    "pk": 33,
    "model": "core.reel",
    "fields": {
      "number": 33,
      "batch": "batch_oru_fakey3_ver01",
      "created": "2020-09-21T11:50:00-07:00"
    }
  },
  {
    "pk": 331,
    "model": "core.issue", 
    "fields": {
      "title": "sn83030214", 
      "date_issued": "1898-06-18", 
      "batch": "batch_oru_fakey3_ver01", 
      "number": "1", 
      "volume": "83", 
      "edition": 1, 
      "edition_label": "",
      "created": "2020-09-21T11:50:00-07:00"
    }
  }
	,
  {
    "pk": 3311,
    "model": "core.page",
    "fields": {
      "jp2_width": 6400,
      "sequence": 1,
      "jp2_length": 8600,
      "number": "",
      "tiff_filename": "sn83030214/00175037652/1898010101/0001.tif",
      "jp2_filename": "sn83030214/00175037652/1898010101/0001.jp2",
      "pdf_filename": "sn83030214/00175037652/1898010101/0001.pdf",
      "indexed": 0,
      "ocr_filename": "sn83030214/00175037652/1898010101/0001.xml",
      "issue": 331,
      "section_label": "",
      "reel": 33,
      "created": "2020-09-21T11:50:00-07:00"
    }
  },
  {
    "model": "core.ocr",
    "pk": 3311,
    "fields": {
      "page": 3311,
      "created": "2020-09-21T11:50:00-07:00"
    }
  },
  {
    "model": "core.languagetext",
    "pk": 3311,
    "fields": {
      "text": "This is fake OCR",
      "language": "eng",
      "ocr": 3311
    }
  },
  {
    "pk": 3312,
    "model": "core.page",
    "fields": {
      "jp2_width": 6400,
      "sequence": 2,
      "jp2_length": 8600,
      "number": "",
      "tiff_filename": "sn83030214/00175037652/1898010101/0002.tif",
      "jp2_filename": "sn83030214/00175037652/1898010101/0002.jp2",
      "pdf_filename": "sn83030214/00175037652/1898010101/0002.pdf",
      "indexed": 0,
      "ocr_filename": "sn83030214/00175037652/1898010101/0002.xml",
      "issue": 331,
      "section_label": "",
      "reel": 33,
      "created": "2020-09-21T11:50:00-07:00"
    }
  },
  {
    "model": "core.ocr",
    "pk": 3312,
    "fields": {
      "page": 3312,
      "created": "2020-09-21T11:50:00-07:00"
    }
  },
  {
    "model": "core.languagetext",
    "pk": 3312,
    "fields": {
      "text": "This is fake OCR",
      "language": "eng",
      "ocr": 3312
    }
  },
  {
    "pk": 3313,
    "model": "core.page",
    "fields": {
      "jp2_width": 6400,
      "sequence": 3,
      "jp2_length": 8600,
      "number": "",
      "tiff_filename": "sn83030214/00175037652/1898010101/0003.tif",
      "jp2_filename": "sn83030214/00175037652/1898010101/0003.jp2",
      "pdf_filename": "sn83030214/00175037652/1898010101/0003.pdf",
      "indexed": 0,
      "ocr_filename": "sn83030214/00175037652/1898010101/0003.xml",
      "issue": 331,
      "section_label": "",
      "reel": 33,
      "created": "2020-09-21T11:50:00-07:00"
    }
  },
  {
    "model": "core.ocr",
    "pk": 3313,
    "fields": {
      "page": 3313,
      "created": "2020-09-21T11:50:00-07:00"
    }
  },
  {
    "model": "core.languagetext",
    "pk": 3313,
    "fields": {
      "text": "This is fake OCR",
      "language": "eng",
      "ocr": 3313
    }
  },
  {
    "pk": 3314,
    "model": "core.page",
    "fields": {
      "jp2_width": 6400,
      "sequence": 4,
      "jp2_length": 8600,
      "number": "",
      "tiff_filename": "sn83030214/00175037652/1898010101/0004.tif",
      "jp2_filename": "sn83030214/00175037652/1898010101/0004.jp2",
      "pdf_filename": "sn83030214/00175037652/1898010101/0004.pdf",
      "indexed": 0,
      "ocr_filename": "sn83030214/00175037652/1898010101/0004.xml",
      "issue": 331,
      "section_label": "",
      "reel": 33,
      "created": "2020-09-21T11:50:00-07:00"
    }
  },
  {
    "model": "core.ocr",
    "pk": 3314,
    "fields": {
      "page": 3314,
      "created": "2020-09-21T11:50:00-07:00"
    }
  },
  {
    "model": "core.languagetext",
    "pk": 3314,
    "fields": {
      "text": "This is fake OCR",
      "language": "eng",
      "ocr": 3314
    }
  },
  {
    "pk": 332,
    "model": "core.issue", 
    "fields": {
      "title": "sn83030214", 
      "date_issued": "1898-06-25", 
      "batch": "batch_oru_fakey3_ver01", 
      "number": "2", 
      "volume": "83", 
      "edition": 1, 
      "edition_label": "",
      "created": "2020-09-21T11:50:00-07:00"
    }
  }
	,
  {
    "pk": 3321,
    "model": "core.page",
    "fields": {
      "jp2_width": 6400,
      "sequence": 1,
      "jp2_length": 8600,
      "number": "",
      "tiff_filename": "sn83030214/00175037652/1898010101/0001.tif",
      "jp2_filename": "sn83030214/00175037652/1898010101/0001.jp2",
      "pdf_filename": "sn83030214/00175037652/1898010101/0001.pdf",
      "indexed": 0,
      "ocr_filename": "sn83030214/00175037652/1898010101/0001.xml",
      "issue": 332,
      "section_label": "",
      "reel": 33,
      "created": "2020-09-21T11:50:00-07:00"
    }
  },
  {
    "model": "core.ocr",
    "pk": 3321,
    "fields": {
      "page": 3321,
      "created": "2020-09-21T11:50:00-07:00"
    }
  },
  {
    "model": "core.languagetext",
    "pk": 3321,
    "fields": {
      "text": "This is fake OCR",
      "language": "eng",
      "ocr": 3321
    }
  },
  {
    "pk": 3322,
    "model": "core.page",
    "fields": {
      "jp2_width": 6400,
      "sequence": 2,
      "jp2_length": 8600,
      "number": "",
      "tiff_filename": "sn83030214/00175037652/1898010101/0002.tif",
      "jp2_filename": "sn83030214/00175037652/1898010101/0002.jp2",
      "pdf_filename": "sn83030214/00175037652/1898010101/0002.pdf",
      "indexed": 0,
      "ocr_filename": "sn83030214/00175037652/1898010101/0002.xml",
      "issue": 332,
      "section_label": "",
      "reel": 33,
      "created": "2020-09-21T11:50:00-07:00"
    }
  },
  {
    "model": "core.ocr",
    "pk": 3322,
    "fields": {
      "page": 3322,
      "created": "2020-09-21T11:50:00-07:00"
    }
  },
  {
    "model": "core.languagetext",
    "pk": 3322,
    "fields": {
      "text": "This is fake OCR",
      "language": "eng",
      "ocr": 3322
    }
  },
  {
    "pk": 3323,
    "model": "core.page",
    "fields": {
      "jp2_width": 6400,
      "sequence": 3,
      "jp2_length": 8600,
      "number": "",
      "tiff_filename": "sn83030214/00175037652/1898010101/0003.tif",
      "jp2_filename": "sn83030214/00175037652/1898010101/0003.jp2",
      "pdf_filename": "sn83030214/00175037652/1898010101/0003.pdf",
      "indexed": 0,
      "ocr_filename": "sn83030214/00175037652/1898010101/0003.xml",
      "issue": 332,
      "section_label": "",
      "reel": 33,
      "created": "2020-09-21T11:50:00-07:00"
    }
  },
  {
    "model": "core.ocr",
    "pk": 3323,
    "fields": {
      "page": 3323,
      "created": "2020-09-21T11:50:00-07:00"
    }
  },
  {
    "model": "core.languagetext",
    "pk": 3323,
    "fields": {
      "text": "This is fake OCR",
      "language": "eng",
      "ocr": 3323
    }
  },
  {
    "pk": 3324,
    "model": "core.page",
    "fields": {
      "jp2_width": 6400,
      "sequence": 4,
      "jp2_length": 8600,
      "number": "",
      "tiff_filename": "sn83030214/00175037652/1898010101/0004.tif",
      "jp2_filename": "sn83030214/00175037652/1898010101/0004.jp2",
      "pdf_filename": "sn83030214/00175037652/1898010101/0004.pdf",
      "indexed": 0,
      "ocr_filename": "sn83030214/00175037652/1898010101/0004.xml",
      "issue": 332,
      "section_label": "",
      "reel": 33,
      "created": "2020-09-21T11:50:00-07:00"
    }
  },
  {
    "model": "core.ocr",
    "pk": 3324,
    "fields": {
      "page": 3324,
      "created": "2020-09-21T11:50:00-07:00"
    }
  },
  {
    "model": "core.languagetext",
    "pk": 3324,
    "fields": {
      "text": "This is fake OCR",
      "language": "eng",
      "ocr": 3324
    }
  },
  {
    "pk": 333,
    "model": "core.issue", 
    "fields": {
      "title": "sn83030214", 
      "date_issued": "1898-07-02", 
      "batch": "batch_oru_fakey3_ver01", 
      "number": "3", 
      "volume": "83", 
      "edition": 1, 
      "edition_label": "",
      "created": "2020-09-21T11:50:00-07:00"
    }
  }
	,
  {
    "pk": 3331,
    "model": "core.page",
    "fields": {
      "jp2_width": 6400,
      "sequence": 1,
      "jp2_length": 8600,
      "number": "",
      "tiff_filename": "sn83030214/00175037652/1898010101/0001.tif",
      "jp2_filename": "sn83030214/00175037652/1898010101/0001.jp2",
      "pdf_filename": "sn83030214/00175037652/1898010101/0001.pdf",
      "indexed": 0,
      "ocr_filename": "sn83030214/00175037652/1898010101/0001.xml",
      "issue": 333,
      "section_label": "",
      "reel": 33,
      "created": "2020-09-21T11:50:00-07:00"
    }
  },
  {
    "model": "core.ocr",
    "pk": 3331,
    "fields": {
      "page": 3331,
      "created": "2020-09-21T11:50:00-07:00"
    }
  },
  {
    "model": "core.languagetext",
    "pk": 3331,
    "fields": {
      "text": "This is fake OCR",
      "language": "eng",
      "ocr": 3331
    }
  },
  {
    "pk": 3332,
    "model": "core.page",
    "fields": {
      "jp2_width": 6400,
      "sequence": 2,
      "jp2_length": 8600,
      "number": "",
      "tiff_filename": "sn83030214/00175037652/1898010101/0002.tif",
      "jp2_filename": "sn83030214/00175037652/1898010101/0002.jp2",
      "pdf_filename": "sn83030214/00175037652/1898010101/0002.pdf",
      "indexed": 0,
      "ocr_filename": "sn83030214/00175037652/1898010101/0002.xml",
      "issue": 333,
      "section_label": "",
      "reel": 33,
      "created": "2020-09-21T11:50:00-07:00"
    }
  },
  {
    "model": "core.ocr",
    "pk": 3332,
    "fields": {
      "page": 3332,
      "created": "2020-09-21T11:50:00-07:00"
    }
  },
  {
    "model": "core.languagetext",
    "pk": 3332,
    "fields": {
      "text": "This is fake OCR",
      "language": "eng",
      "ocr": 3332
    }
  },
  {
    "pk": 3333,
    "model": "core.page",
    "fields": {
      "jp2_width": 6400,
      "sequence": 3,
      "jp2_length": 8600,
      "number": "",
      "tiff_filename": "sn83030214/00175037652/1898010101/0003.tif",
      "jp2_filename": "sn83030214/00175037652/1898010101/0003.jp2",
      "pdf_filename": "sn83030214/00175037652/1898010101/0003.pdf",
      "indexed": 0,
      "ocr_filename": "sn83030214/00175037652/1898010101/0003.xml",
      "issue": 333,
      "section_label": "",
      "reel": 33,
      "created": "2020-09-21T11:50:00-07:00"
    }
  },
  {
    "model": "core.ocr",
    "pk": 3333,
    "fields": {
      "page": 3333,
      "created": "2020-09-21T11:50:00-07:00"
    }
  },
  {
    "model": "core.languagetext",
    "pk": 3333,
    "fields": {
      "text": "This is fake OCR",
      "language": "eng",
      "ocr": 3333
    }
  },
  {
    "pk": 3334,
    "model": "core.page",
    "fields": {
      "jp2_width": 6400,
      "sequence": 4,
      "jp2_length": 8600,
      "number": "",
      "tiff_filename": "sn83030214/00175037652/1898010101/0004.tif",
      "jp2_filename": "sn83030214/00175037652/1898010101/0004.jp2",
      "pdf_filename": "sn83030214/00175037652/1898010101/0004.pdf",
      "indexed": 0,
      "ocr_filename": "sn83030214/00175037652/1898010101/0004.xml",
      "issue": 333,
      "section_label": "",
      "reel": 33,
      "created": "2020-09-21T11:50:00-07:00"
    }
  },
  {
    "model": "core.ocr",
    "pk": 3334,
    "fields": {
      "page": 3334,
      "created": "2020-09-21T11:50:00-07:00"
    }
  },
  {
    "model": "core.languagetext",
    "pk": 3334,
    "fields": {
      "text": "This is fake OCR",
      "language": "eng",
      "ocr": 3334
    }
  }
]
